"Gene.refGene","Gene_symbol","n_nonsyn","n_startloss","positions","aa_changes"
"g17528","g17528.t1",2,0,"JBGGOT010000151.1:91348; JBGGOT010000151.1:91427","g17528:g17528.t1:exon1:c.G1089C:p.W363C; g17528:g17528.t1:exon1:c.C1168T:p.P390S"
"g11583","Mast1",1,0,"CM083967.1:383084","g11583:Mast1:exon5:c.A295C:p.T99P"
"g11593","MRPL4",1,0,"CM083967.1:473758","g11593:MRPL4:exon4:c.A304G:p.T102A"
"g11612","WIZ",1,0,"CM083967.1:798706","g11612:WIZ:exon5:c.G1444A:p.A482T"
"g11650","Efcc1",1,0,"CM083967.1:1952568","g11650:Efcc1:exon1:c.A164C:p.H55P"
"g11669","g11669.t1",1,0,"CM083968.1:1018484","g11669:g11669.t1:exon4:c.T401G:p.L134W"
"g11706","TRPT1",1,0,"CM083968.1:1841314","g11706:TRPT1:exon5:c.C511T:p.R171W"
"g11719","WDR74",1,0,"CM083968.1:1988885","g11719:WDR74:exon9:c.T776G:p.L259R"
"g11761","Bad",1,0,"CM083968.1:2297674","g11761:Bad:exon2:c.T116G:p.L39R"
"g11772","Polr1g",1,0,"CM083969.1:9108","g11772:Polr1g:exon3:c.G305A:p.R102Q"
"g15250","ESYT3",1,0,"CM083945.1:30908519","g15250:ESYT3:exon1:c.A5C:p.H2P"
"g17391","PABPN1",1,0,"JBGGOT010000107.1:533989","g17391:PABPN1:exon1:c.G7A:p.A3T"
"g17409","Abhd16a",1,0,"JBGGOT010000108.1:239162; JBGGOT010000108.1:239168","g17409:Abhd16a:exon18:c.C1393C:p.P465P; g17409:Abhd16a:exon18:c.G1399A:p.D467N"
"g17432","NAA38",1,0,"JBGGOT010000110.1:386609","g17432:NAA38:exon2:c.C59T:p.P20L"
"g17440","SCN1B",1,0,"JBGGOT010000116.1:149418","g17440:SCN1B:exon3:c.C392T:p.T131M"
"g17485","Slc5a2",1,0,"JBGGOT010000145.1:116697","g17485:Slc5a2:exon14:c.G1649T:p.W550L"
"g17490","CLN3",1,0,"JBGGOT010000145.1:225882","g17490:CLN3:exon13:c.G1009A:p.A337T"
"g17510","slc39a7",1,0,"JBGGOT010000146.1:294561","g17510:slc39a7:exon4:c.G383A:p.G128D"
"g17603","TUFM",1,0,"JBGGOT010000169.1:20289","g17603:TUFM:exon3:c.C89T:p.A30V"
"g17627","Ttn",1,0,"JBGGOT010000173.1:215217","g17627:Ttn:exon1:c.G716A:p.R239Q"
"g17637","Hgh1",1,0,"JBGGOT010000183.1:223918","g17637:Hgh1:exon6:c.A1003G:p.K335E"
"g17762","MED11",1,0,"JBGGOT010000343.1:11348","g17762:MED11:exon3:c.C323G:p.A108G"
"g17964","Dmbt1",1,0,"JBGGOT010000077.1:1029598","g17964:Dmbt1:exon2:c.G394A:p.A132T"
"g2935","PCDHGB5",1,0,"CM083951.1:17048205","g2935:PCDHGB5:exon1:c.C767A:p.A256E"
"g4446","tbc1d24",1,0,"CM083955.1:11602923","g4446:tbc1d24:exon2:c.T254C:p.V85A"
"g8182","SEMA4C",1,0,"CM083959.1:1327064","g8182:SEMA4C:exon1:c.C43T:p.R15C"
"g8188","IL1RN",1,0,"CM083959.1:1470950","g8188:IL1RN:exon4:c.C269A:p.A90E"
"g8596","BUD13",1,0,"CM083961.1:1001584","g8596:BUD13:exon5:c.C604T:p.R202C"
"g8769","g8769.t1",1,0,"CM083962.1:678525","g8769:g8769.t1:exon1:c.C109T:p.P37S"
"g9552","unknown",1,0,"CM083964.1:4309666","g9552:unknown:exon2:c.C218T:p.S73F"
"g9558","unknown",1,0,"CM083964.1:4347215","g9558:unknown:exon2:c.A245T:p.E82V"
"g9874","USHBP1",1,0,"CM083965.1:5983896","g9874:USHBP1:exon6:c.G824C:p.S275T"
"g9986","KIF5A",1,0,"CM083966.1:1429901","g9986:KIF5A:exon28:c.T3040G:p.F1014V"
"g11766","zfpl1",0,1,"CM083968.1:2339193","g11766:zfpl1:exon1:c.A1C:p.M1?"
"g12909","Ammecr1",0,1,"CM083942.1:13581741","g12909:Ammecr1:exon1:c.A1C:p.M1?"
