"Region","Location","SampleID","POPGROUP","Fraction"
"Archbold","Archbold","ALD01",1,1e-05
"Archbold","Archbold","ALD01",2,0.999959
"Archbold","Archbold","ALD01",3,1.1e-05
"Archbold","Archbold","ALD01",4,1e-05
"Archbold","Archbold","ALD01",5,1e-05
"Archbold","Archbold","ALD02",1,1e-05
"Archbold","Archbold","ALD02",2,0.999952
"Archbold","Archbold","ALD02",3,1.8e-05
"Archbold","Archbold","ALD02",4,1e-05
"Archbold","Archbold","ALD02",5,1e-05
"Archbold","Archbold","ALD03",1,1e-05
"Archbold","Archbold","ALD03",2,0.99996
"Archbold","Archbold","ALD03",3,1e-05
"Archbold","Archbold","ALD03",4,1e-05
"Archbold","Archbold","ALD03",5,1e-05
"Archbold","Archbold","ALD04",1,1.1e-05
"Archbold","Archbold","ALD04",2,0.999959
"Archbold","Archbold","ALD04",3,1e-05
"Archbold","Archbold","ALD04",4,1e-05
"Archbold","Archbold","ALD04",5,1e-05
"Archbold","Archbold","ALD05",1,1e-05
"Archbold","Archbold","ALD05",2,0.99996
"Archbold","Archbold","ALD05",3,1e-05
"Archbold","Archbold","ALD05",4,1e-05
"Archbold","Archbold","ALD05",5,1e-05
"Archbold","Archbold","ALD06",1,1e-05
"Archbold","Archbold","ALD06",2,0.99996
"Archbold","Archbold","ALD06",3,1e-05
"Archbold","Archbold","ALD06",4,1e-05
"Archbold","Archbold","ALD06",5,1e-05
"Archbold","Archbold","ALD07",1,1e-05
"Archbold","Archbold","ALD07",2,0.995285
"Archbold","Archbold","ALD07",3,1e-05
"Archbold","Archbold","ALD07",4,1e-05
"Archbold","Archbold","ALD07",5,0.004685
"Archbold","Archbold","ALD08",1,1e-05
"Archbold","Archbold","ALD08",2,0.99996
"Archbold","Archbold","ALD08",3,1e-05
"Archbold","Archbold","ALD08",4,1e-05
"Archbold","Archbold","ALD08",5,1e-05
"Archbold","Archbold","ALD09",1,1e-05
"Archbold","Archbold","ALD09",2,0.99996
"Archbold","Archbold","ALD09",3,1e-05
"Archbold","Archbold","ALD09",4,1e-05
"Archbold","Archbold","ALD09",5,1e-05
"Archbold","Archbold","ALD10",1,1e-05
"Archbold","Archbold","ALD10",2,0.999956
"Archbold","Archbold","ALD10",3,1.4e-05
"Archbold","Archbold","ALD10",4,1e-05
"Archbold","Archbold","ALD10",5,1e-05
"Archbold","Archbold","ALD11",1,1e-05
"Archbold","Archbold","ALD11",2,0.99996
"Archbold","Archbold","ALD11",3,1e-05
"Archbold","Archbold","ALD11",4,1e-05
"Archbold","Archbold","ALD11",5,1e-05
"Archbold","Archbold","ALD12",1,1e-05
"Archbold","Archbold","ALD12",2,0.99996
"Archbold","Archbold","ALD12",3,1e-05
"Archbold","Archbold","ALD12",4,1e-05
"Archbold","Archbold","ALD12",5,1e-05
"Archbold","Archbold","ALD13",1,1e-05
"Archbold","Archbold","ALD13",2,0.999956
"Archbold","Archbold","ALD13",3,1e-05
"Archbold","Archbold","ALD13",4,1.4e-05
"Archbold","Archbold","ALD13",5,1e-05
"Archbold","Archbold","ALD14",1,1e-05
"Archbold","Archbold","ALD14",2,0.99996
"Archbold","Archbold","ALD14",3,1e-05
"Archbold","Archbold","ALD14",4,1e-05
"Archbold","Archbold","ALD14",5,1e-05
"Archbold","Archbold","ALD15",1,1e-05
"Archbold","Archbold","ALD15",2,0.99996
"Archbold","Archbold","ALD15",3,1e-05
"Archbold","Archbold","ALD15",4,1e-05
"Archbold","Archbold","ALD15",5,1e-05
"Archbold","Archbold","ALD16",1,1.9e-05
"Archbold","Archbold","ALD16",2,0.999951
"Archbold","Archbold","ALD16",3,1e-05
"Archbold","Archbold","ALD16",4,1e-05
"Archbold","Archbold","ALD16",5,1e-05
"Archbold","Archbold","ALD17",1,1e-05
"Archbold","Archbold","ALD17",2,0.99996
"Archbold","Archbold","ALD17",3,1e-05
"Archbold","Archbold","ALD17",4,1e-05
"Archbold","Archbold","ALD17",5,1e-05
"Archbold","Archbold","ALD18",1,1e-05
"Archbold","Archbold","ALD18",2,0.99996
"Archbold","Archbold","ALD18",3,1e-05
"Archbold","Archbold","ALD18",4,1e-05
"Archbold","Archbold","ALD18",5,1e-05
"Archbold","Archbold","ALD19",1,1e-05
"Archbold","Archbold","ALD19",2,0.999957
"Archbold","Archbold","ALD19",3,1.3e-05
"Archbold","Archbold","ALD19",4,1e-05
"Archbold","Archbold","ALD19",5,1e-05
"Archbold","Archbold","ALD20",1,1e-05
"Archbold","Archbold","ALD20",2,0.99996
"Archbold","Archbold","ALD20",3,1e-05
"Archbold","Archbold","ALD20",4,1e-05
"Archbold","Archbold","ALD20",5,1e-05
"Archbold","Archbold","ALD21",1,1e-05
"Archbold","Archbold","ALD21",2,0.99996
"Archbold","Archbold","ALD21",3,1e-05
"Archbold","Archbold","ALD21",4,1e-05
"Archbold","Archbold","ALD21",5,1e-05
"Archbold","Archbold","ALD22",1,1e-05
"Archbold","Archbold","ALD22",2,0.976474
"Archbold","Archbold","ALD22",3,1e-05
"Archbold","Archbold","ALD22",4,1e-05
"Archbold","Archbold","ALD22",5,0.023496
"Archbold","Archbold","ALD23",1,1e-05
"Archbold","Archbold","ALD23",2,0.99996
"Archbold","Archbold","ALD23",3,1e-05
"Archbold","Archbold","ALD23",4,1e-05
"Archbold","Archbold","ALD23",5,1e-05
"Archbold","Archbold","ALD24",1,1e-05
"Archbold","Archbold","ALD24",2,0.995407
"Archbold","Archbold","ALD24",3,1e-05
"Archbold","Archbold","ALD24",4,1e-05
"Archbold","Archbold","ALD24",5,0.004563
"Archbold","Archbold","ALD26",1,1e-05
"Archbold","Archbold","ALD26",2,0.999959
"Archbold","Archbold","ALD26",3,1.1e-05
"Archbold","Archbold","ALD26",4,1e-05
"Archbold","Archbold","ALD26",5,1e-05
"Archbold","Archbold","ALD29",1,1e-05
"Archbold","Archbold","ALD29",2,0.970424
"Archbold","Archbold","ALD29",3,1e-05
"Archbold","Archbold","ALD29",4,1e-05
"Archbold","Archbold","ALD29",5,0.029546
"NBC","BL","BCK65",1,0.194238
"NBC","BL","BCK65",2,0.030019
"NBC","BL","BCK65",3,0.511968
"NBC","BL","BCK65",4,0.055891
"NBC","BL","BCK65",5,0.207883
"NBC","BL","BCK66",1,0.263385
"NBC","BL","BCK66",2,0.031816
"NBC","BL","BCK66",3,0.190842
"NBC","BL","BCK66",4,0.065852
"NBC","BL","BCK66",5,0.448105
"NBC","BL","BCK67",1,0.224052
"NBC","BL","BCK67",2,0.036688
"NBC","BL","BCK67",3,0.367602
"NBC","BL","BCK67",4,0.062854
"NBC","BL","BCK67",5,0.308805
"CBC","Cruickshank","CCK186",1,1e-05
"CBC","Cruickshank","CCK186",2,1e-05
"CBC","Cruickshank","CCK186",3,1e-05
"CBC","Cruickshank","CCK186",4,1e-05
"CBC","Cruickshank","CCK186",5,0.99996
"CBC","Cruickshank","CCK26",1,1e-05
"CBC","Cruickshank","CCK26",2,1e-05
"CBC","Cruickshank","CCK26",3,1e-05
"CBC","Cruickshank","CCK26",4,0.056853
"CBC","Cruickshank","CCK26",5,0.943117
"CBC","Cruickshank","CCK27",1,1e-05
"CBC","Cruickshank","CCK27",2,1e-05
"CBC","Cruickshank","CCK27",3,1e-05
"CBC","Cruickshank","CCK27",4,0.050217
"CBC","Cruickshank","CCK27",5,0.949753
"CBC","Cruickshank","CCK29",1,1e-05
"CBC","Cruickshank","CCK29",2,1e-05
"CBC","Cruickshank","CCK29",3,1e-05
"CBC","Cruickshank","CCK29",4,0.066794
"CBC","Cruickshank","CCK29",5,0.933176
"CBC","Cruickshank","CCK30",1,0.013798
"CBC","Cruickshank","CCK30",2,1e-05
"CBC","Cruickshank","CCK30",3,0.091462
"CBC","Cruickshank","CCK30",4,0.025252
"CBC","Cruickshank","CCK30",5,0.869478
"CBC","Cruickshank","CCK31",1,1e-05
"CBC","Cruickshank","CCK31",2,1e-05
"CBC","Cruickshank","CCK31",3,1e-05
"CBC","Cruickshank","CCK31",4,0.058337
"CBC","Cruickshank","CCK31",5,0.941633
"CBC","Cruickshank","CCK32",1,1e-05
"CBC","Cruickshank","CCK32",2,1e-05
"CBC","Cruickshank","CCK32",3,1e-05
"CBC","Cruickshank","CCK32",4,0.06627
"CBC","Cruickshank","CCK32",5,0.9337
"CBC","Cruickshank","CCK33",1,1e-05
"CBC","Cruickshank","CCK33",2,1e-05
"CBC","Cruickshank","CCK33",3,1e-05
"CBC","Cruickshank","CCK33",4,1e-05
"CBC","Cruickshank","CCK33",5,0.99996
"CBC","Cruickshank","CCK34",1,0.184578
"CBC","Cruickshank","CCK34",2,1e-05
"CBC","Cruickshank","CCK34",3,0.032035
"CBC","Cruickshank","CCK34",4,0.028337
"CBC","Cruickshank","CCK34",5,0.755041
"CBC","Cruickshank","CCK35",1,1e-05
"CBC","Cruickshank","CCK35",2,1e-05
"CBC","Cruickshank","CCK35",3,1e-05
"CBC","Cruickshank","CCK35",4,0.017653
"CBC","Cruickshank","CCK35",5,0.982317
"CBC","Cruickshank","CCK36",1,1e-05
"CBC","Cruickshank","CCK36",2,1e-05
"CBC","Cruickshank","CCK36",3,0.026105
"CBC","Cruickshank","CCK36",4,1e-05
"CBC","Cruickshank","CCK36",5,0.973865
"CBC","Cruickshank","CCK37",1,1e-05
"CBC","Cruickshank","CCK37",2,1e-05
"CBC","Cruickshank","CCK37",3,1e-05
"CBC","Cruickshank","CCK37",4,1e-05
"CBC","Cruickshank","CCK37",5,0.99996
"CBC","Cruickshank","CCK38",1,1e-05
"CBC","Cruickshank","CCK38",2,1e-05
"CBC","Cruickshank","CCK38",3,0.020446
"CBC","Cruickshank","CCK38",4,1e-05
"CBC","Cruickshank","CCK38",5,0.979524
"CBC","Cruickshank","CCK39",1,1e-05
"CBC","Cruickshank","CCK39",2,1e-05
"CBC","Cruickshank","CCK39",3,1e-05
"CBC","Cruickshank","CCK39",4,1e-05
"CBC","Cruickshank","CCK39",5,0.99996
"CBC","Cruickshank","CCK400",1,0.059774
"CBC","Cruickshank","CCK400",2,1e-05
"CBC","Cruickshank","CCK400",3,0.031011
"CBC","Cruickshank","CCK400",4,0.10486
"CBC","Cruickshank","CCK400",5,0.804345
"CBC","Cruickshank","CCK405",1,0.048746
"CBC","Cruickshank","CCK405",2,1e-05
"CBC","Cruickshank","CCK405",3,0.075745
"CBC","Cruickshank","CCK405",4,0.132816
"CBC","Cruickshank","CCK405",5,0.742683
"CBC","Cruickshank","CCK408",1,0.097845
"CBC","Cruickshank","CCK408",2,1e-05
"CBC","Cruickshank","CCK408",3,1e-05
"CBC","Cruickshank","CCK408",4,0.007415
"CBC","Cruickshank","CCK408",5,0.89472
"CBC","Cruickshank","CCK40",1,1e-05
"CBC","Cruickshank","CCK40",2,1e-05
"CBC","Cruickshank","CCK40",3,1e-05
"CBC","Cruickshank","CCK40",4,1e-05
"CBC","Cruickshank","CCK40",5,0.99996
"CBC","Cruickshank","CCK410",1,1e-05
"CBC","Cruickshank","CCK410",2,1e-05
"CBC","Cruickshank","CCK410",3,1e-05
"CBC","Cruickshank","CCK410",4,1e-05
"CBC","Cruickshank","CCK410",5,0.99996
"CBC","Cruickshank","CCK412",1,1e-05
"CBC","Cruickshank","CCK412",2,1e-05
"CBC","Cruickshank","CCK412",3,1e-05
"CBC","Cruickshank","CCK412",4,0.016015
"CBC","Cruickshank","CCK412",5,0.983955
"CBC","Cruickshank","CCK413",1,1e-05
"CBC","Cruickshank","CCK413",2,1e-05
"CBC","Cruickshank","CCK413",3,1e-05
"CBC","Cruickshank","CCK413",4,0.010722
"CBC","Cruickshank","CCK413",5,0.989247
"CBC","Cruickshank","CCK419",1,1e-05
"CBC","Cruickshank","CCK419",2,1e-05
"CBC","Cruickshank","CCK419",3,1e-05
"CBC","Cruickshank","CCK419",4,1e-05
"CBC","Cruickshank","CCK419",5,0.99996
"CBC","Cruickshank","CCK41",1,1e-05
"CBC","Cruickshank","CCK41",2,1e-05
"CBC","Cruickshank","CCK41",3,1e-05
"CBC","Cruickshank","CCK41",4,1e-05
"CBC","Cruickshank","CCK41",5,0.99996
"CBC","Cruickshank","CCK423",1,1e-05
"CBC","Cruickshank","CCK423",2,1e-05
"CBC","Cruickshank","CCK423",3,1e-05
"CBC","Cruickshank","CCK423",4,1e-05
"CBC","Cruickshank","CCK423",5,0.99996
"CBC","Cruickshank","CCK424",1,1e-05
"CBC","Cruickshank","CCK424",2,1e-05
"CBC","Cruickshank","CCK424",3,1e-05
"CBC","Cruickshank","CCK424",4,1e-05
"CBC","Cruickshank","CCK424",5,0.99996
"CBC","Cruickshank","CCK426",1,1e-05
"CBC","Cruickshank","CCK426",2,1e-05
"CBC","Cruickshank","CCK426",3,1e-05
"CBC","Cruickshank","CCK426",4,1e-05
"CBC","Cruickshank","CCK426",5,0.99996
"CBC","Cruickshank","CCK427",1,1e-05
"CBC","Cruickshank","CCK427",2,1e-05
"CBC","Cruickshank","CCK427",3,0.017554
"CBC","Cruickshank","CCK427",4,1e-05
"CBC","Cruickshank","CCK427",5,0.982416
"CBC","Cruickshank","CCK428",1,1e-05
"CBC","Cruickshank","CCK428",2,1e-05
"CBC","Cruickshank","CCK428",3,1e-05
"CBC","Cruickshank","CCK428",4,1e-05
"CBC","Cruickshank","CCK428",5,0.99996
"CBC","Cruickshank","CCK429",1,1e-05
"CBC","Cruickshank","CCK429",2,1e-05
"CBC","Cruickshank","CCK429",3,1e-05
"CBC","Cruickshank","CCK429",4,1e-05
"CBC","Cruickshank","CCK429",5,0.99996
"CBC","Cruickshank","CCK42",1,0.159259
"CBC","Cruickshank","CCK42",2,1e-05
"CBC","Cruickshank","CCK42",3,0.140411
"CBC","Cruickshank","CCK42",4,1e-05
"CBC","Cruickshank","CCK42",5,0.700311
"CBC","Cruickshank","CCK430",1,1e-05
"CBC","Cruickshank","CCK430",2,1e-05
"CBC","Cruickshank","CCK430",3,1e-05
"CBC","Cruickshank","CCK430",4,0.014487
"CBC","Cruickshank","CCK430",5,0.985483
"CBC","Cruickshank","CCK43",1,0.211442
"CBC","Cruickshank","CCK43",2,1e-05
"CBC","Cruickshank","CCK43",3,0.126174
"CBC","Cruickshank","CCK43",4,1e-05
"CBC","Cruickshank","CCK43",5,0.662364
"CBC","Cruickshank","CCK44",1,1e-05
"CBC","Cruickshank","CCK44",2,1e-05
"CBC","Cruickshank","CCK44",3,1e-05
"CBC","Cruickshank","CCK44",4,1e-05
"CBC","Cruickshank","CCK44",5,0.99996
"CBC","Cruickshank","CCK45",1,1e-05
"CBC","Cruickshank","CCK45",2,1e-05
"CBC","Cruickshank","CCK45",3,1e-05
"CBC","Cruickshank","CCK45",4,1e-05
"CBC","Cruickshank","CCK45",5,0.99996
"CBC","Cruickshank","CCK46",1,0.006315
"CBC","Cruickshank","CCK46",2,1.1e-05
"CBC","Cruickshank","CCK46",3,1e-05
"CBC","Cruickshank","CCK46",4,0.10318
"CBC","Cruickshank","CCK46",5,0.890485
"CBC","Cruickshank","CCK47",1,0.187134
"CBC","Cruickshank","CCK47",2,1e-05
"CBC","Cruickshank","CCK47",3,0.03282
"CBC","Cruickshank","CCK47",4,0.029919
"CBC","Cruickshank","CCK47",5,0.750117
"CBC","Cruickshank","CCK480",1,1e-05
"CBC","Cruickshank","CCK480",2,1e-05
"CBC","Cruickshank","CCK480",3,1e-05
"CBC","Cruickshank","CCK480",4,1e-05
"CBC","Cruickshank","CCK480",5,0.99996
"CBC","Cruickshank","CCK483",1,1e-05
"CBC","Cruickshank","CCK483",2,1.1e-05
"CBC","Cruickshank","CCK483",3,1e-05
"CBC","Cruickshank","CCK483",4,0.044422
"CBC","Cruickshank","CCK483",5,0.955547
"CBC","Cruickshank","CCK486",1,0.045978
"CBC","Cruickshank","CCK486",2,1e-05
"CBC","Cruickshank","CCK486",3,1e-05
"CBC","Cruickshank","CCK486",4,0.004659
"CBC","Cruickshank","CCK486",5,0.949343
"CBC","Cruickshank","CCK489",1,0.173414
"CBC","Cruickshank","CCK489",2,1e-05
"CBC","Cruickshank","CCK489",3,0.036313
"CBC","Cruickshank","CCK489",4,0.022416
"CBC","Cruickshank","CCK489",5,0.767847
"CBC","Cruickshank","CCK48",1,0.024715
"CBC","Cruickshank","CCK48",2,1e-05
"CBC","Cruickshank","CCK48",3,0.040099
"CBC","Cruickshank","CCK48",4,0.032869
"CBC","Cruickshank","CCK48",5,0.902306
"CBC","Cruickshank","CCK490",1,1e-05
"CBC","Cruickshank","CCK490",2,1e-05
"CBC","Cruickshank","CCK490",3,1e-05
"CBC","Cruickshank","CCK490",4,1e-05
"CBC","Cruickshank","CCK490",5,0.99996
"CBC","Cruickshank","CCK49",1,1e-05
"CBC","Cruickshank","CCK49",2,1e-05
"CBC","Cruickshank","CCK49",3,1e-05
"CBC","Cruickshank","CCK49",4,1e-05
"CBC","Cruickshank","CCK49",5,0.99996
"CBC","Cruickshank","CCK50",1,1e-05
"CBC","Cruickshank","CCK50",2,1e-05
"CBC","Cruickshank","CCK50",3,1e-05
"CBC","Cruickshank","CCK50",4,0.032737
"CBC","Cruickshank","CCK50",5,0.967233
"CBC","Cruickshank","CCK51",1,0.26823
"CBC","Cruickshank","CCK51",2,0.067067
"CBC","Cruickshank","CCK51",3,0.208227
"CBC","Cruickshank","CCK51",4,0.099112
"CBC","Cruickshank","CCK51",5,0.357364
"CBC","Cruickshank","CCK52",1,1e-05
"CBC","Cruickshank","CCK52",2,1e-05
"CBC","Cruickshank","CCK52",3,1e-05
"CBC","Cruickshank","CCK52",4,1e-05
"CBC","Cruickshank","CCK52",5,0.99996
"CBC","Cruickshank","CCK54",1,1e-05
"CBC","Cruickshank","CCK54",2,1e-05
"CBC","Cruickshank","CCK54",3,1e-05
"CBC","Cruickshank","CCK54",4,1e-05
"CBC","Cruickshank","CCK54",5,0.99996
"CBC","Cruickshank","CCK55",1,1.4e-05
"CBC","Cruickshank","CCK55",2,1e-05
"CBC","Cruickshank","CCK55",3,1e-05
"CBC","Cruickshank","CCK55",4,1e-05
"CBC","Cruickshank","CCK55",5,0.999956
"Merritt Island","CNS","CNS214",1,0.999952
"Merritt Island","CNS","CNS214",2,1e-05
"Merritt Island","CNS","CNS214",3,1e-05
"Merritt Island","CNS","CNS214",4,1.8e-05
"Merritt Island","CNS","CNS214",5,1e-05
"Merritt Island","CNS","CNS215",1,0.99996
"Merritt Island","CNS","CNS215",2,1e-05
"Merritt Island","CNS","CNS215",3,1e-05
"Merritt Island","CNS","CNS215",4,1e-05
"Merritt Island","CNS","CNS215",5,1e-05
"Merritt Island","CNS","CNS216",1,0.99996
"Merritt Island","CNS","CNS216",2,1e-05
"Merritt Island","CNS","CNS216",3,1e-05
"Merritt Island","CNS","CNS216",4,1e-05
"Merritt Island","CNS","CNS216",5,1e-05
"Merritt Island","CNS","CNS217",1,0.99996
"Merritt Island","CNS","CNS217",2,1e-05
"Merritt Island","CNS","CNS217",3,1e-05
"Merritt Island","CNS","CNS217",4,1e-05
"Merritt Island","CNS","CNS217",5,1e-05
"Merritt Island","CNS","CNS218",1,0.99996
"Merritt Island","CNS","CNS218",2,1e-05
"Merritt Island","CNS","CNS218",3,1e-05
"Merritt Island","CNS","CNS218",4,1e-05
"Merritt Island","CNS","CNS218",5,1e-05
"NBC","DCE","DCE56",1,0.247589
"NBC","DCE","DCE56",2,0.057021
"NBC","DCE","DCE56",3,0.223442
"NBC","DCE","DCE56",4,0.112258
"NBC","DCE","DCE56",5,0.35969
"NBC","DCE","DCE57",1,0.304434
"NBC","DCE","DCE57",2,0.041735
"NBC","DCE","DCE57",3,0.184868
"NBC","DCE","DCE57",4,0.103131
"NBC","DCE","DCE57",5,0.365832
"NBC","DCE","DCE58",1,0.239543
"NBC","DCE","DCE58",2,0.047162
"NBC","DCE","DCE58",3,0.139226
"NBC","DCE","DCE58",4,0.090387
"NBC","DCE","DCE58",5,0.483681
"NBC","DCE","DCE59",1,0.14857
"NBC","DCE","DCE59",2,1e-05
"NBC","DCE","DCE59",3,0.020206
"NBC","DCE","DCE59",4,0.029189
"NBC","DCE","DCE59",5,0.802025
"NBC","DCE","DCE60",1,0.078859
"NBC","DCE","DCE60",2,1e-05
"NBC","DCE","DCE60",3,0.049289
"NBC","DCE","DCE60",4,0.088086
"NBC","DCE","DCE60",5,0.783757
"NBC","DCE","DCE61",1,0.213877
"NBC","DCE","DCE61",2,0.047861
"NBC","DCE","DCE61",3,0.173277
"NBC","DCE","DCE61",4,0.065019
"NBC","DCE","DCE61",5,0.499965
"NBC","SL","EF244",1,1e-05
"NBC","SL","EF244",2,1e-05
"NBC","SL","EF244",3,1e-05
"NBC","SL","EF244",4,0.99996
"NBC","SL","EF244",5,1e-05
"NBC","SL","EF245",1,1.7e-05
"NBC","SL","EF245",2,1e-05
"NBC","SL","EF245",3,1.6e-05
"NBC","SL","EF245",4,0.999947
"NBC","SL","EF245",5,1e-05
"NBC","SL","EF246",1,1e-05
"NBC","SL","EF246",2,1e-05
"NBC","SL","EF246",3,1e-05
"NBC","SL","EF246",4,0.99996
"NBC","SL","EF246",5,1e-05
"NBC","SL","EF247",1,0.254109
"NBC","SL","EF247",2,0.004878
"NBC","SL","EF247",3,0.199912
"NBC","SL","EF247",4,0.346792
"NBC","SL","EF247",5,0.194309
"NBC","Fox","FOX383",1,0.091322
"NBC","Fox","FOX383",2,1e-05
"NBC","Fox","FOX383",3,0.084541
"NBC","Fox","FOX383",4,0.087638
"NBC","Fox","FOX383",5,0.736488
"NBC","SL","FOX62",1,1.1e-05
"NBC","SL","FOX62",2,1e-05
"NBC","SL","FOX62",3,1.3e-05
"NBC","SL","FOX62",4,0.999956
"NBC","SL","FOX62",5,1e-05
"NBC","SL","FOX63",1,0.291349
"NBC","SL","FOX63",2,0.039616
"NBC","SL","FOX63",3,0.15295
"NBC","SL","FOX63",4,0.290034
"NBC","SL","FOX63",5,0.22605
"NBC","SL","FOX64",1,0.130564
"NBC","SL","FOX64",2,1e-05
"NBC","SL","FOX64",3,0.06462
"NBC","SL","FOX64",4,0.720718
"NBC","SL","FOX64",5,0.084088
"Merritt Island","Happy Creek","HCK01",1,0.841907
"Merritt Island","Happy Creek","HCK01",2,1e-05
"Merritt Island","Happy Creek","HCK01",3,0.042603
"Merritt Island","Happy Creek","HCK01",4,0.007281
"Merritt Island","Happy Creek","HCK01",5,0.108199
"Merritt Island","Happy Creek","HCK02",1,0.829817
"Merritt Island","Happy Creek","HCK02",2,0.005473
"Merritt Island","Happy Creek","HCK02",3,0.037009
"Merritt Island","Happy Creek","HCK02",4,0.022512
"Merritt Island","Happy Creek","HCK02",5,0.105189
"Merritt Island","Happy Creek","HCK128",1,0.928828
"Merritt Island","Happy Creek","HCK128",2,1e-05
"Merritt Island","Happy Creek","HCK128",3,0.035038
"Merritt Island","Happy Creek","HCK128",4,0.006631
"Merritt Island","Happy Creek","HCK128",5,0.029493
"Merritt Island","Happy Creek","HCK131",1,0.970578
"Merritt Island","Happy Creek","HCK131",2,0.000126
"Merritt Island","Happy Creek","HCK131",3,1e-05
"Merritt Island","Happy Creek","HCK131",4,0.003639
"Merritt Island","Happy Creek","HCK131",5,0.025647
"Merritt Island","Happy Creek","HCK132",1,0.99996
"Merritt Island","Happy Creek","HCK132",2,1e-05
"Merritt Island","Happy Creek","HCK132",3,1e-05
"Merritt Island","Happy Creek","HCK132",4,1e-05
"Merritt Island","Happy Creek","HCK132",5,1e-05
"Merritt Island","Happy Creek","HCK133",1,0.955517
"Merritt Island","Happy Creek","HCK133",2,0.000911
"Merritt Island","Happy Creek","HCK133",3,0.03105
"Merritt Island","Happy Creek","HCK133",4,0.003583
"Merritt Island","Happy Creek","HCK133",5,0.00894
"Merritt Island","Happy Creek","HCK141",1,0.990188
"Merritt Island","Happy Creek","HCK141",2,1e-05
"Merritt Island","Happy Creek","HCK141",3,0.009782
"Merritt Island","Happy Creek","HCK141",4,1e-05
"Merritt Island","Happy Creek","HCK141",5,1e-05
"Merritt Island","Happy Creek","HCK142",1,0.976263
"Merritt Island","Happy Creek","HCK142",2,1e-05
"Merritt Island","Happy Creek","HCK142",3,0.013799
"Merritt Island","Happy Creek","HCK142",4,0.009918
"Merritt Island","Happy Creek","HCK142",5,1e-05
"Merritt Island","Happy Creek","HCK221",1,0.976047
"Merritt Island","Happy Creek","HCK221",2,0.001584
"Merritt Island","Happy Creek","HCK221",3,1e-05
"Merritt Island","Happy Creek","HCK221",4,1e-05
"Merritt Island","Happy Creek","HCK221",5,0.022349
"Merritt Island","Happy Creek","HCK226",1,0.99996
"Merritt Island","Happy Creek","HCK226",2,1e-05
"Merritt Island","Happy Creek","HCK226",3,1e-05
"Merritt Island","Happy Creek","HCK226",4,1e-05
"Merritt Island","Happy Creek","HCK226",5,1e-05
"Merritt Island","Happy Creek","HCK438",1,0.99066
"Merritt Island","Happy Creek","HCK438",2,1e-05
"Merritt Island","Happy Creek","HCK438",3,0.007303
"Merritt Island","Happy Creek","HCK438",4,1e-05
"Merritt Island","Happy Creek","HCK438",5,0.002017
"Merritt Island","Happy Creek","HCK445",1,0.976394
"Merritt Island","Happy Creek","HCK445",2,1e-05
"Merritt Island","Happy Creek","HCK445",3,0.015825
"Merritt Island","Happy Creek","HCK445",4,0.007761
"Merritt Island","Happy Creek","HCK445",5,1e-05
"Merritt Island","Happy Creek","HCK448",1,0.93559
"Merritt Island","Happy Creek","HCK448",2,0.008744
"Merritt Island","Happy Creek","HCK448",3,0.023182
"Merritt Island","Happy Creek","HCK448",4,0.007216
"Merritt Island","Happy Creek","HCK448",5,0.025268
"Merritt Island","Happy Creek","HCK99",1,0.99996
"Merritt Island","Happy Creek","HCK99",2,1e-05
"Merritt Island","Happy Creek","HCK99",3,1e-05
"Merritt Island","Happy Creek","HCK99",4,1e-05
"Merritt Island","Happy Creek","HCK99",5,1e-05
"Merritt Island","Happy Creek","HCKW123",1,0.99996
"Merritt Island","Happy Creek","HCKW123",2,1e-05
"Merritt Island","Happy Creek","HCKW123",3,1e-05
"Merritt Island","Happy Creek","HCKW123",4,1e-05
"Merritt Island","Happy Creek","HCKW123",5,1e-05
"Merritt Island","Happy Creek","HCKW442",1,0.99996
"Merritt Island","Happy Creek","HCKW442",2,1e-05
"Merritt Island","Happy Creek","HCKW442",3,1e-05
"Merritt Island","Happy Creek","HCKW442",4,1e-05
"Merritt Island","Happy Creek","HCKW442",5,1e-05
"Merritt Island","Happy Creek","HCKW98",1,0.99996
"Merritt Island","Happy Creek","HCKW98",2,1e-05
"Merritt Island","Happy Creek","HCKW98",3,1e-05
"Merritt Island","Happy Creek","HCKW98",4,1e-05
"Merritt Island","Happy Creek","HCKW98",5,1e-05
"SBC","Malabar","MALB143",1,1e-05
"SBC","Malabar","MALB143",2,1e-05
"SBC","Malabar","MALB143",3,0.690931
"SBC","Malabar","MALB143",4,1e-05
"SBC","Malabar","MALB143",5,0.309039
"SBC","Malabar","MALB379",1,1e-05
"SBC","Malabar","MALB379",2,1e-05
"SBC","Malabar","MALB379",3,0.65176
"SBC","Malabar","MALB379",4,1e-05
"SBC","Malabar","MALB379",5,0.34821
"SBC","Malabar","MALB382",1,0.080671
"SBC","Malabar","MALB382",2,1e-05
"SBC","Malabar","MALB382",3,0.676793
"SBC","Malabar","MALB382",4,0.043513
"SBC","Malabar","MALB382",5,0.199013
"SBC","Malabar","MALB398",1,0.070771
"SBC","Malabar","MALB398",2,1e-05
"SBC","Malabar","MALB398",3,0.649667
"SBC","Malabar","MALB398",4,0.033847
"SBC","Malabar","MALB398",5,0.245705
"SBC","Malabar","MALB452",1,0.041721
"SBC","Malabar","MALB452",2,1e-05
"SBC","Malabar","MALB452",3,0.512029
"SBC","Malabar","MALB452",4,0.021529
"SBC","Malabar","MALB452",5,0.424711
"SBC","Malabar","MALB455",1,0.119062
"SBC","Malabar","MALB455",2,1e-05
"SBC","Malabar","MALB455",3,0.643934
"SBC","Malabar","MALB455",4,0.024073
"SBC","Malabar","MALB455",5,0.212921
"SBC","Malabar","MALB494",1,1.3e-05
"SBC","Malabar","MALB494",2,1e-05
"SBC","Malabar","MALB494",3,0.999957
"SBC","Malabar","MALB494",4,1e-05
"SBC","Malabar","MALB494",5,1e-05
"SBC","Malabar","MALB496",1,1.6e-05
"SBC","Malabar","MALB496",2,1e-05
"SBC","Malabar","MALB496",3,0.999953
"SBC","Malabar","MALB496",4,1.1e-05
"SBC","Malabar","MALB496",5,1e-05
"SBC","Malabar","MALB497",1,1e-05
"SBC","Malabar","MALB497",2,1e-05
"SBC","Malabar","MALB497",3,0.864945
"SBC","Malabar","MALB497",4,1e-05
"SBC","Malabar","MALB497",5,0.135025
"SBC","Malabar","MALB498",1,0.018017
"SBC","Malabar","MALB498",2,1e-05
"SBC","Malabar","MALB498",3,0.735843
"SBC","Malabar","MALB498",4,0.010488
"SBC","Malabar","MALB498",5,0.235642
"SBC","Malabar","MALB499",1,1.1e-05
"SBC","Malabar","MALB499",2,1e-05
"SBC","Malabar","MALB499",3,0.999959
"SBC","Malabar","MALB499",4,1.1e-05
"SBC","Malabar","MALB499",5,1e-05
"SBC","Malabar","MALB500",1,1e-05
"SBC","Malabar","MALB500",2,1e-05
"SBC","Malabar","MALB500",3,0.688894
"SBC","Malabar","MALB500",4,0.027659
"SBC","Malabar","MALB500",5,0.283427
"SBC","Malabar","MALB82",1,0.081215
"SBC","Malabar","MALB82",2,1e-05
"SBC","Malabar","MALB82",3,0.594371
"SBC","Malabar","MALB82",4,0.014077
"SBC","Malabar","MALB82",5,0.310326
"SBC","Malabar","MALB83",1,0.114777
"SBC","Malabar","MALB83",2,1e-05
"SBC","Malabar","MALB83",3,0.597912
"SBC","Malabar","MALB83",4,0.029494
"SBC","Malabar","MALB83",5,0.257807
"SBC","Micco","MICO227",1,0.070224
"SBC","Micco","MICO227",2,1e-05
"SBC","Micco","MICO227",3,0.695565
"SBC","Micco","MICO227",4,1e-05
"SBC","Micco","MICO227",5,0.234192
"SBC","Micco","MICO236",1,0.222801
"SBC","Micco","MICO236",2,0.00944
"SBC","Micco","MICO236",3,0.512209
"SBC","Micco","MICO236",4,0.017338
"SBC","Micco","MICO236",5,0.238212
"SBC","Micco","MICO237",1,0.209154
"SBC","Micco","MICO237",2,0.036407
"SBC","Micco","MICO237",3,0.527195
"SBC","Micco","MICO237",4,0.016989
"SBC","Micco","MICO237",5,0.210254
"SBC","Micco","MICO239",1,0.092296
"SBC","Micco","MICO239",2,1e-05
"SBC","Micco","MICO239",3,0.714079
"SBC","Micco","MICO239",4,0.007693
"SBC","Micco","MICO239",5,0.185922
"SBC","Micco","MICO240",1,0.085624
"SBC","Micco","MICO240",2,1e-05
"SBC","Micco","MICO240",3,0.646174
"SBC","Micco","MICO240",4,0.039532
"SBC","Micco","MICO240",5,0.22866
"SBC","Micco","MICO241",1,0.168217
"SBC","Micco","MICO241",2,1e-05
"SBC","Micco","MICO241",3,0.518911
"SBC","Micco","MICO241",4,0.010899
"SBC","Micco","MICO241",5,0.301963
"SBC","Micco","MICO242",1,0.177749
"SBC","Micco","MICO242",2,0.03955
"SBC","Micco","MICO242",3,0.487437
"SBC","Micco","MICO242",4,0.048915
"SBC","Micco","MICO242",5,0.246348
"SBC","Micco","MICO243",1,0.180798
"SBC","Micco","MICO243",2,0.01067
"SBC","Micco","MICO243",3,0.521482
"SBC","Micco","MICO243",4,0.039111
"SBC","Micco","MICO243",5,0.247939
"NBC","SL","NORT384",1,0.07066
"NBC","SL","NORT384",2,1e-05
"NBC","SL","NORT384",3,0.104294
"NBC","SL","NORT384",4,0.785364
"NBC","SL","NORT384",5,0.039672
"NBC","Fox","NORT385",1,1e-05
"NBC","Fox","NORT385",2,1e-05
"NBC","Fox","NORT385",3,1e-05
"NBC","Fox","NORT385",4,1e-05
"NBC","Fox","NORT385",5,0.99996
"Ocala","Ocala","OC07",1,0.390047
"Ocala","Ocala","OC07",2,0.392457
"Ocala","Ocala","OC07",3,0.137572
"Ocala","Ocala","OC07",4,0.034833
"Ocala","Ocala","OC07",5,0.045091
"Ocala","Ocala","OC11",1,0.3943
"Ocala","Ocala","OC11",2,0.399581
"Ocala","Ocala","OC11",3,0.132431
"Ocala","Ocala","OC11",4,0.02934
"Ocala","Ocala","OC11",5,0.044347
"Ocala","Ocala","OC14",1,0.378879
"Ocala","Ocala","OC14",2,0.407205
"Ocala","Ocala","OC14",3,0.141025
"Ocala","Ocala","OC14",4,0.025232
"Ocala","Ocala","OC14",5,0.047658
"Ocala","Ocala","OC20",1,0.382082
"Ocala","Ocala","OC20",2,0.405095
"Ocala","Ocala","OC20",3,0.139727
"Ocala","Ocala","OC20",4,0.02469
"Ocala","Ocala","OC20",5,0.048406
"Ocala","Ocala","OC22",1,0.381831
"Ocala","Ocala","OC22",2,0.411416
"Ocala","Ocala","OC22",3,0.134489
"Ocala","Ocala","OC22",4,0.031576
"Ocala","Ocala","OC22",5,0.040688
"Ocala","Ocala","OC26",1,0.387982
"Ocala","Ocala","OC26",2,0.406539
"Ocala","Ocala","OC26",3,0.133758
"Ocala","Ocala","OC26",4,0.021899
"Ocala","Ocala","OC26",5,0.049823
"Ocala","Ocala","OC28",1,0.383752
"Ocala","Ocala","OC28",2,0.413874
"Ocala","Ocala","OC28",3,0.140056
"Ocala","Ocala","OC28",4,0.025999
"Ocala","Ocala","OC28",5,0.03632
"Ocala","Ocala","OC32",1,0.377608
"Ocala","Ocala","OC32",2,0.425895
"Ocala","Ocala","OC32",3,0.14188
"Ocala","Ocala","OC32",4,0.024971
"Ocala","Ocala","OC32",5,0.029646
"Ocala","Ocala","OC33",1,0.376832
"Ocala","Ocala","OC33",2,0.401866
"Ocala","Ocala","OC33",3,0.14571
"Ocala","Ocala","OC33",4,0.029118
"Ocala","Ocala","OC33",5,0.046474
"Ocala","Ocala","OC34",1,0.393233
"Ocala","Ocala","OC34",2,0.395645
"Ocala","Ocala","OC34",3,0.127941
"Ocala","Ocala","OC34",4,0.024547
"Ocala","Ocala","OC34",5,0.058634
"Ocala","Ocala","OC35",1,0.375803
"Ocala","Ocala","OC35",2,0.417469
"Ocala","Ocala","OC35",3,0.142415
"Ocala","Ocala","OC35",4,0.021259
"Ocala","Ocala","OC35",5,0.043053
"Ocala","Ocala","OC36",1,0.369982
"Ocala","Ocala","OC36",2,0.410645
"Ocala","Ocala","OC36",3,0.148584
"Ocala","Ocala","OC36",4,0.029592
"Ocala","Ocala","OC36",5,0.041197
"Ocala","Ocala","OC37",1,0.376325
"Ocala","Ocala","OC37",2,0.400454
"Ocala","Ocala","OC37",3,0.149086
"Ocala","Ocala","OC37",4,0.030935
"Ocala","Ocala","OC37",5,0.0432
"Ocala","Ocala","OC38",1,0.380977
"Ocala","Ocala","OC38",2,0.396592
"Ocala","Ocala","OC38",3,0.140481
"Ocala","Ocala","OC38",4,0.024232
"Ocala","Ocala","OC38",5,0.057718
"Ocala","Ocala","OC39",1,0.369793
"Ocala","Ocala","OC39",2,0.389203
"Ocala","Ocala","OC39",3,0.138464
"Ocala","Ocala","OC39",4,0.024693
"Ocala","Ocala","OC39",5,0.077847
"Ocala","Ocala","OC40",1,0.36549
"Ocala","Ocala","OC40",2,0.393775
"Ocala","Ocala","OC40",3,0.14754
"Ocala","Ocala","OC40",4,0.02551
"Ocala","Ocala","OC40",5,0.067685
"Ocala","Ocala","OC41",1,0.390003
"Ocala","Ocala","OC41",2,0.403371
"Ocala","Ocala","OC41",3,0.136062
"Ocala","Ocala","OC41",4,0.028441
"Ocala","Ocala","OC41",5,0.042122
"Ocala","Ocala","OC42",1,0.383077
"Ocala","Ocala","OC42",2,0.412443
"Ocala","Ocala","OC42",3,0.132281
"Ocala","Ocala","OC42",4,0.02838
"Ocala","Ocala","OC42",5,0.043819
"Ocala","Ocala","OC43",1,0.379161
"Ocala","Ocala","OC43",2,0.410122
"Ocala","Ocala","OC43",3,0.139969
"Ocala","Ocala","OC43",4,0.024586
"Ocala","Ocala","OC43",5,0.046161
"Ocala","Ocala","OC44",1,0.393643
"Ocala","Ocala","OC44",2,0.410703
"Ocala","Ocala","OC44",3,0.135672
"Ocala","Ocala","OC44",4,0.0336
"Ocala","Ocala","OC44",5,0.026382
"Merritt Island","RR","RR110",1,0.99996
"Merritt Island","RR","RR110",2,1e-05
"Merritt Island","RR","RR110",3,1e-05
"Merritt Island","RR","RR110",4,1e-05
"Merritt Island","RR","RR110",5,1e-05
"Merritt Island","RR","RR111",1,0.99996
"Merritt Island","RR","RR111",2,1e-05
"Merritt Island","RR","RR111",3,1e-05
"Merritt Island","RR","RR111",4,1e-05
"Merritt Island","RR","RR111",5,1e-05
"Merritt Island","RR","RR112",1,0.965667
"Merritt Island","RR","RR112",2,0.003123
"Merritt Island","RR","RR112",3,0.025874
"Merritt Island","RR","RR112",4,1e-05
"Merritt Island","RR","RR112",5,0.005325
"Merritt Island","RR","RR205",1,0.917167
"Merritt Island","RR","RR205",2,1e-05
"Merritt Island","RR","RR205",3,1e-05
"Merritt Island","RR","RR205",4,1e-05
"Merritt Island","RR","RR205",5,0.082803
"Merritt Island","RR","RR206",1,0.99996
"Merritt Island","RR","RR206",2,1e-05
"Merritt Island","RR","RR206",3,1e-05
"Merritt Island","RR","RR206",4,1e-05
"Merritt Island","RR","RR206",5,1e-05
"Merritt Island","RR","RR207",1,0.984883
"Merritt Island","RR","RR207",2,1e-05
"Merritt Island","RR","RR207",3,1e-05
"Merritt Island","RR","RR207",4,0.015086
"Merritt Island","RR","RR207",5,1e-05
"Merritt Island","RR","RR95",1,0.99996
"Merritt Island","RR","RR95",2,1e-05
"Merritt Island","RR","RR95",3,1e-05
"Merritt Island","RR","RR95",4,1e-05
"Merritt Island","RR","RR95",5,1e-05
"Merritt Island","RR","RR96",1,0.99996
"Merritt Island","RR","RR96",2,1e-05
"Merritt Island","RR","RR96",3,1e-05
"Merritt Island","RR","RR96",4,1e-05
"Merritt Island","RR","RR96",5,1e-05
"Merritt Island","Shiloh","SHIL108",1,0.999952
"Merritt Island","Shiloh","SHIL108",2,1e-05
"Merritt Island","Shiloh","SHIL108",3,1e-05
"Merritt Island","Shiloh","SHIL108",4,1.8e-05
"Merritt Island","Shiloh","SHIL108",5,1e-05
"Merritt Island","Shiloh","SHIL147",1,0.955834
"Merritt Island","Shiloh","SHIL147",2,0.004771
"Merritt Island","Shiloh","SHIL147",3,0.02444
"Merritt Island","Shiloh","SHIL147",4,0.009667
"Merritt Island","Shiloh","SHIL147",5,0.005288
"Merritt Island","Shiloh","SHIL148",1,0.815535
"Merritt Island","Shiloh","SHIL148",2,0.014204
"Merritt Island","Shiloh","SHIL148",3,0.056992
"Merritt Island","Shiloh","SHIL148",4,0.036396
"Merritt Island","Shiloh","SHIL148",5,0.076873
"Merritt Island","Shiloh","SHIL159",1,0.977668
"Merritt Island","Shiloh","SHIL159",2,1e-05
"Merritt Island","Shiloh","SHIL159",3,0.010309
"Merritt Island","Shiloh","SHIL159",4,1e-05
"Merritt Island","Shiloh","SHIL159",5,0.012003
"Merritt Island","Shiloh","SHIL166",1,0.82605
"Merritt Island","Shiloh","SHIL166",2,0.050726
"Merritt Island","Shiloh","SHIL166",3,0.081922
"Merritt Island","Shiloh","SHIL166",4,0.014444
"Merritt Island","Shiloh","SHIL166",5,0.026858
"Merritt Island","Shiloh","SHIL168",1,0.826413
"Merritt Island","Shiloh","SHIL168",2,0.036972
"Merritt Island","Shiloh","SHIL168",3,0.077853
"Merritt Island","Shiloh","SHIL168",4,0.005946
"Merritt Island","Shiloh","SHIL168",5,0.052817
"Merritt Island","Shiloh","SHIL459",1,0.903864
"Merritt Island","Shiloh","SHIL459",2,1e-05
"Merritt Island","Shiloh","SHIL459",3,1e-05
"Merritt Island","Shiloh","SHIL459",4,0.021262
"Merritt Island","Shiloh","SHIL459",5,0.074854
"Merritt Island","Shiloh","SHIL462",1,0.996174
"Merritt Island","Shiloh","SHIL462",2,1e-05
"Merritt Island","Shiloh","SHIL462",3,1e-05
"Merritt Island","Shiloh","SHIL462",4,0.003796
"Merritt Island","Shiloh","SHIL462",5,1e-05
"Merritt Island","Shiloh","SHIL472",1,0.853059
"Merritt Island","Shiloh","SHIL472",2,0.00327
"Merritt Island","Shiloh","SHIL472",3,0.025249
"Merritt Island","Shiloh","SHIL472",4,0.02134
"Merritt Island","Shiloh","SHIL472",5,0.097082
"Merritt Island","Shiloh","SHIL474",1,0.979072
"Merritt Island","Shiloh","SHIL474",2,1e-05
"Merritt Island","Shiloh","SHIL474",3,1e-05
"Merritt Island","Shiloh","SHIL474",4,1e-05
"Merritt Island","Shiloh","SHIL474",5,0.020898
"Merritt Island","Shiloh","SHIL475",1,0.977751
"Merritt Island","Shiloh","SHIL475",2,1e-05
"Merritt Island","Shiloh","SHIL475",3,0.009079
"Merritt Island","Shiloh","SHIL475",4,0.01315
"Merritt Island","Shiloh","SHIL475",5,1e-05
"Merritt Island","Shiloh","SHIL476",1,0.999384
"Merritt Island","Shiloh","SHIL476",2,1e-05
"Merritt Island","Shiloh","SHIL476",3,1e-05
"Merritt Island","Shiloh","SHIL476",4,0.000586
"Merritt Island","Shiloh","SHIL476",5,1e-05
"Merritt Island","Shiloh","SHIL477",1,0.897431
"Merritt Island","Shiloh","SHIL477",2,1e-05
"Merritt Island","Shiloh","SHIL477",3,0.018241
"Merritt Island","Shiloh","SHIL477",4,0.02333
"Merritt Island","Shiloh","SHIL477",5,0.060987
"Merritt Island","Shiloh","SHIL478",1,0.959671
"Merritt Island","Shiloh","SHIL478",2,1e-05
"Merritt Island","Shiloh","SHIL478",3,1e-05
"Merritt Island","Shiloh","SHIL478",4,0.007531
"Merritt Island","Shiloh","SHIL478",5,0.032778
"NBC","SL","SLCA87",1,1e-05
"NBC","SL","SLCA87",2,1.2e-05
"NBC","SL","SLCA87",3,1.9e-05
"NBC","SL","SLCA87",4,0.999949
"NBC","SL","SLCA87",5,1e-05
"NBC","SL","SLCA88",1,1e-05
"NBC","SL","SLCA88",2,1e-05
"NBC","SL","SLCA88",3,1e-05
"NBC","SL","SLCA88",4,0.99996
"NBC","SL","SLCA88",5,1e-05
"NBC","SL","SLCA89",1,1e-05
"NBC","SL","SLCA89",2,1e-05
"NBC","SL","SLCA89",3,1e-05
"NBC","SL","SLCA89",4,0.99996
"NBC","SL","SLCA89",5,1e-05
"Merritt Island","Schwartz","SRTZ124",1,0.99996
"Merritt Island","Schwartz","SRTZ124",2,1e-05
"Merritt Island","Schwartz","SRTZ124",3,1e-05
"Merritt Island","Schwartz","SRTZ124",4,1e-05
"Merritt Island","Schwartz","SRTZ124",5,1e-05
"Merritt Island","Schwartz","SRTZ125",1,0.99996
"Merritt Island","Schwartz","SRTZ125",2,1e-05
"Merritt Island","Schwartz","SRTZ125",3,1e-05
"Merritt Island","Schwartz","SRTZ125",4,1e-05
"Merritt Island","Schwartz","SRTZ125",5,1e-05
"Merritt Island","Schwartz","SRTZ126",1,0.99996
"Merritt Island","Schwartz","SRTZ126",2,1e-05
"Merritt Island","Schwartz","SRTZ126",3,1e-05
"Merritt Island","Schwartz","SRTZ126",4,1e-05
"Merritt Island","Schwartz","SRTZ126",5,1e-05
"Merritt Island","Schwartz","SRTZ127",1,0.99996
"Merritt Island","Schwartz","SRTZ127",2,1e-05
"Merritt Island","Schwartz","SRTZ127",3,1e-05
"Merritt Island","Schwartz","SRTZ127",4,1e-05
"Merritt Island","Schwartz","SRTZ127",5,1e-05
"Merritt Island","Schwartz","SRTZ199",1,0.99996
"Merritt Island","Schwartz","SRTZ199",2,1e-05
"Merritt Island","Schwartz","SRTZ199",3,1e-05
"Merritt Island","Schwartz","SRTZ199",4,1e-05
"Merritt Island","Schwartz","SRTZ199",5,1e-05
"Merritt Island","Schwartz","SRTZ200",1,0.942546
"Merritt Island","Schwartz","SRTZ200",2,0.001007
"Merritt Island","Schwartz","SRTZ200",3,0.016422
"Merritt Island","Schwartz","SRTZ200",4,0.018062
"Merritt Island","Schwartz","SRTZ200",5,0.021963
"Merritt Island","Schwartz","SRTZ201",1,0.99996
"Merritt Island","Schwartz","SRTZ201",2,1e-05
"Merritt Island","Schwartz","SRTZ201",3,1e-05
"Merritt Island","Schwartz","SRTZ201",4,1e-05
"Merritt Island","Schwartz","SRTZ201",5,1e-05
"Merritt Island","Schwartz","SRTZ202",1,0.99996
"Merritt Island","Schwartz","SRTZ202",2,1e-05
"Merritt Island","Schwartz","SRTZ202",3,1e-05
"Merritt Island","Schwartz","SRTZ202",4,1e-05
"Merritt Island","Schwartz","SRTZ202",5,1e-05
"Merritt Island","Schwartz","SRTZ203",1,0.99996
"Merritt Island","Schwartz","SRTZ203",2,1e-05
"Merritt Island","Schwartz","SRTZ203",3,1e-05
"Merritt Island","Schwartz","SRTZ203",4,1e-05
"Merritt Island","Schwartz","SRTZ203",5,1e-05
"Merritt Island","Schwartz","SRTZ204",1,0.99996
"Merritt Island","Schwartz","SRTZ204",2,1e-05
"Merritt Island","Schwartz","SRTZ204",3,1e-05
"Merritt Island","Schwartz","SRTZ204",4,1e-05
"Merritt Island","Schwartz","SRTZ204",5,1e-05
"Merritt Island","TEL4","TEL229",1,0.913259
"Merritt Island","TEL4","TEL229",2,0.01984
"Merritt Island","TEL4","TEL229",3,0.03474
"Merritt Island","TEL4","TEL229",4,0.010085
"Merritt Island","TEL4","TEL229",5,0.022076
"Merritt Island","TEL4","TEL230",1,0.974617
"Merritt Island","TEL4","TEL230",2,1e-05
"Merritt Island","TEL4","TEL230",3,0.002785
"Merritt Island","TEL4","TEL230",4,0.002246
"Merritt Island","TEL4","TEL230",5,0.020341
"Merritt Island","TEL4","TEL231",1,0.99996
"Merritt Island","TEL4","TEL231",2,1e-05
"Merritt Island","TEL4","TEL231",3,1e-05
"Merritt Island","TEL4","TEL231",4,1e-05
"Merritt Island","TEL4","TEL231",5,1e-05
"Merritt Island","TEL4","TEL232",1,0.99996
"Merritt Island","TEL4","TEL232",2,1e-05
"Merritt Island","TEL4","TEL232",3,1e-05
"Merritt Island","TEL4","TEL232",4,1e-05
"Merritt Island","TEL4","TEL232",5,1e-05
"Merritt Island","TEL4","TEL233",1,0.999954
"Merritt Island","TEL4","TEL233",2,1e-05
"Merritt Island","TEL4","TEL233",3,1e-05
"Merritt Island","TEL4","TEL233",4,1.6e-05
"Merritt Island","TEL4","TEL233",5,1e-05
"Merritt Island","TEL4","TEL234",1,0.99996
"Merritt Island","TEL4","TEL234",2,1e-05
"Merritt Island","TEL4","TEL234",3,1e-05
"Merritt Island","TEL4","TEL234",4,1e-05
"Merritt Island","TEL4","TEL234",5,1e-05
"Merritt Island","TEL4","TEL449",1,0.999951
"Merritt Island","TEL4","TEL449",2,1e-05
"Merritt Island","TEL4","TEL449",3,1e-05
"Merritt Island","TEL4","TEL449",4,1.9e-05
"Merritt Island","TEL4","TEL449",5,1e-05
"Merritt Island","TEL4","TEL450",1,0.99996
"Merritt Island","TEL4","TEL450",2,1e-05
"Merritt Island","TEL4","TEL450",3,1e-05
"Merritt Island","TEL4","TEL450",4,1e-05
"Merritt Island","TEL4","TEL450",5,1e-05
"SBC","Valkaria","VALK386",1,0.014499
"SBC","Valkaria","VALK386",2,1e-05
"SBC","Valkaria","VALK386",3,0.603228
"SBC","Valkaria","VALK386",4,0.083382
"SBC","Valkaria","VALK386",5,0.298881
"SBC","Valkaria","VALK387",1,1e-05
"SBC","Valkaria","VALK387",2,1e-05
"SBC","Valkaria","VALK387",3,0.64616
"SBC","Valkaria","VALK387",4,1e-05
"SBC","Valkaria","VALK387",5,0.35381
"SBC","Valkaria","VALK389",1,1.1e-05
"SBC","Valkaria","VALK389",2,1e-05
"SBC","Valkaria","VALK389",3,0.710093
"SBC","Valkaria","VALK389",4,0.012285
"SBC","Valkaria","VALK389",5,0.277601
"SBC","Valkaria","VALK390",1,1e-05
"SBC","Valkaria","VALK390",2,1e-05
"SBC","Valkaria","VALK390",3,0.99996
"SBC","Valkaria","VALK390",4,1e-05
"SBC","Valkaria","VALK390",5,1e-05
"SBC","Valkaria","VALK391",1,1e-05
"SBC","Valkaria","VALK391",2,1e-05
"SBC","Valkaria","VALK391",3,0.99996
"SBC","Valkaria","VALK391",4,1e-05
"SBC","Valkaria","VALK391",5,1e-05
"SBC","Valkaria","VALK392",1,1e-05
"SBC","Valkaria","VALK392",2,1e-05
"SBC","Valkaria","VALK392",3,0.99996
"SBC","Valkaria","VALK392",4,1e-05
"SBC","Valkaria","VALK392",5,1e-05
"SBC","Valkaria","VALK393",1,1e-05
"SBC","Valkaria","VALK393",2,1e-05
"SBC","Valkaria","VALK393",3,0.99996
"SBC","Valkaria","VALK393",4,1e-05
"SBC","Valkaria","VALK393",5,1e-05
"SBC","Valkaria","VALK394",1,0.026852
"SBC","Valkaria","VALK394",2,1e-05
"SBC","Valkaria","VALK394",3,0.320931
"SBC","Valkaria","VALK394",4,0.038392
"SBC","Valkaria","VALK394",5,0.613815
"SBC","Valkaria","VALK501",1,1e-05
"SBC","Valkaria","VALK501",2,1e-05
"SBC","Valkaria","VALK501",3,0.99996
"SBC","Valkaria","VALK501",4,1e-05
"SBC","Valkaria","VALK501",5,1e-05
"SBC","Valkaria","VALK502",1,0.146945
"SBC","Valkaria","VALK502",2,0.050631
"SBC","Valkaria","VALK502",3,0.519886
"SBC","Valkaria","VALK502",4,0.057352
"SBC","Valkaria","VALK502",5,0.225186
"SBC","Valkaria","VALK503",1,1e-05
"SBC","Valkaria","VALK503",2,1e-05
"SBC","Valkaria","VALK503",3,0.99996
"SBC","Valkaria","VALK503",4,1e-05
"SBC","Valkaria","VALK503",5,1e-05
"SBC","Valkaria","VALK504",1,0.016442
"SBC","Valkaria","VALK504",2,1e-05
"SBC","Valkaria","VALK504",3,0.713107
"SBC","Valkaria","VALK504",4,0.026989
"SBC","Valkaria","VALK504",5,0.243452
"CBC","Viera","VRA03",1,1e-05
"CBC","Viera","VRA03",2,1e-05
"CBC","Viera","VRA03",3,1e-05
"CBC","Viera","VRA03",4,0.016464
"CBC","Viera","VRA03",5,0.983506
"CBC","Viera","VRA04",1,0.125124
"CBC","Viera","VRA04",2,0.007775
"CBC","Viera","VRA04",3,0.158467
"CBC","Viera","VRA04",4,0.112017
"CBC","Viera","VRA04",5,0.596617
"CBC","Viera","VRA05",1,0.101332
"CBC","Viera","VRA05",2,1e-05
"CBC","Viera","VRA05",3,0.076963
"CBC","Viera","VRA05",4,0.029263
"CBC","Viera","VRA05",5,0.792433
"CBC","Viera","VRA06",1,0.134126
"CBC","Viera","VRA06",2,1e-05
"CBC","Viera","VRA06",3,0.072744
"CBC","Viera","VRA06",4,0.002174
"CBC","Viera","VRA06",5,0.790946
"CBC","Viera","VRA07",1,0.069871
"CBC","Viera","VRA07",2,1e-05
"CBC","Viera","VRA07",3,0.127674
"CBC","Viera","VRA07",4,0.025239
"CBC","Viera","VRA07",5,0.777206
"CBC","Viera","VRA08",1,0.063761
"CBC","Viera","VRA08",2,1.4e-05
"CBC","Viera","VRA08",3,0.140862
"CBC","Viera","VRA08",4,1e-05
"CBC","Viera","VRA08",5,0.795353
"CBC","Viera","VRA09",1,1e-05
"CBC","Viera","VRA09",2,1e-05
"CBC","Viera","VRA09",3,0.027278
"CBC","Viera","VRA09",4,1e-05
"CBC","Viera","VRA09",5,0.972692
"CBC","Viera","VRA10",1,0.045882
"CBC","Viera","VRA10",2,1e-05
"CBC","Viera","VRA10",3,0.001852
"CBC","Viera","VRA10",4,1e-05
"CBC","Viera","VRA10",5,0.952246
"CBC","Viera","VRA11",1,1e-05
"CBC","Viera","VRA11",2,1e-05
"CBC","Viera","VRA11",3,1e-05
"CBC","Viera","VRA11",4,0.042503
"CBC","Viera","VRA11",5,0.957467
"CBC","Viera","VRA12",1,0.143384
"CBC","Viera","VRA12",2,1e-05
"CBC","Viera","VRA12",3,0.030221
"CBC","Viera","VRA12",4,1e-05
"CBC","Viera","VRA12",5,0.826375
"CBC","Viera","VRA13",1,0.076319
"CBC","Viera","VRA13",2,1e-05
"CBC","Viera","VRA13",3,0.031704
"CBC","Viera","VRA13",4,0.01764
"CBC","Viera","VRA13",5,0.874327
"CBC","Viera","VRA15",1,0.096052
"CBC","Viera","VRA15",2,0.003697
"CBC","Viera","VRA15",3,0.08875
"CBC","Viera","VRA15",4,0.021067
"CBC","Viera","VRA15",5,0.790434
"CBC","Viera","VRA16",1,0.091399
"CBC","Viera","VRA16",2,1e-05
"CBC","Viera","VRA16",3,0.105595
"CBC","Viera","VRA16",4,0.013073
"CBC","Viera","VRA16",5,0.789923
"CBC","Viera","VRA172",1,0.15007
"CBC","Viera","VRA172",2,1e-05
"CBC","Viera","VRA172",3,0.036683
"CBC","Viera","VRA172",4,0.008438
"CBC","Viera","VRA172",5,0.804799
"CBC","Viera","VRA174",1,0.117301
"CBC","Viera","VRA174",2,1e-05
"CBC","Viera","VRA174",3,1e-05
"CBC","Viera","VRA174",4,0.021078
"CBC","Viera","VRA174",5,0.861601
"CBC","Viera","VRA17",1,0.000109
"CBC","Viera","VRA17",2,1e-05
"CBC","Viera","VRA17",3,0.023111
"CBC","Viera","VRA17",4,0.028282
"CBC","Viera","VRA17",5,0.948489
"CBC","Viera","VRA18",1,0.186573
"CBC","Viera","VRA18",2,0.010339
"CBC","Viera","VRA18",3,0.094888
"CBC","Viera","VRA18",4,0.049421
"CBC","Viera","VRA18",5,0.658779
"CBC","Viera","VRA19",1,0.161931
"CBC","Viera","VRA19",2,0.004443
"CBC","Viera","VRA19",3,0.07115
"CBC","Viera","VRA19",4,0.040853
"CBC","Viera","VRA19",5,0.721623
"CBC","Viera","VRA20",1,0.07347
"CBC","Viera","VRA20",2,1e-05
"CBC","Viera","VRA20",3,0.01597
"CBC","Viera","VRA20",4,1e-05
"CBC","Viera","VRA20",5,0.91054
"CBC","Viera","VRA212",1,0.059747
"CBC","Viera","VRA212",2,1e-05
"CBC","Viera","VRA212",3,0.082429
"CBC","Viera","VRA212",4,1e-05
"CBC","Viera","VRA212",5,0.857804
"CBC","Viera","VRA21",1,1e-05
"CBC","Viera","VRA21",2,1e-05
"CBC","Viera","VRA21",3,1e-05
"CBC","Viera","VRA21",4,1e-05
"CBC","Viera","VRA21",5,0.99996
"CBC","Viera","VRA23",1,0.160907
"CBC","Viera","VRA23",2,0.021959
"CBC","Viera","VRA23",3,0.119813
"CBC","Viera","VRA23",4,0.106814
"CBC","Viera","VRA23",5,0.590506
"CBC","Viera","VRA24",1,0.088561
"CBC","Viera","VRA24",2,1e-05
"CBC","Viera","VRA24",3,0.128839
"CBC","Viera","VRA24",4,0.045983
"CBC","Viera","VRA24",5,0.736607
"CBC","Viera","VRA25",1,0.105145
"CBC","Viera","VRA25",2,1e-05
"CBC","Viera","VRA25",3,0.147587
"CBC","Viera","VRA25",4,0.104609
"CBC","Viera","VRA25",5,0.642649
"CBC","Viera","VRA70",1,1e-05
"CBC","Viera","VRA70",2,1e-05
"CBC","Viera","VRA70",3,1e-05
"CBC","Viera","VRA70",4,0.023373
"CBC","Viera","VRA70",5,0.976597
