Region,Location,Sample ID,pop1,pop2,pop3,pop4,pop5
Archbold,Archbold,ALD01,0.00001,0.999959,0.000011,0.00001,0.00001
Archbold,Archbold,ALD02,0.00001,0.999952,0.000018,0.00001,0.00001
Archbold,Archbold,ALD03,0.00001,0.99996,0.00001,0.00001,0.00001
Archbold,Archbold,ALD04,0.000011,0.999959,0.00001,0.00001,0.00001
Archbold,Archbold,ALD05,0.00001,0.99996,0.00001,0.00001,0.00001
Archbold,Archbold,ALD06,0.00001,0.99996,0.00001,0.00001,0.00001
Archbold,Archbold,ALD07,0.00001,0.995285,0.00001,0.00001,0.004685
Archbold,Archbold,ALD08,0.00001,0.99996,0.00001,0.00001,0.00001
Archbold,Archbold,ALD09,0.00001,0.99996,0.00001,0.00001,0.00001
Archbold,Archbold,ALD10,0.00001,0.999956,0.000014,0.00001,0.00001
Archbold,Archbold,ALD11,0.00001,0.99996,0.00001,0.00001,0.00001
Archbold,Archbold,ALD12,0.00001,0.99996,0.00001,0.00001,0.00001
Archbold,Archbold,ALD13,0.00001,0.999956,0.00001,0.000014,0.00001
Archbold,Archbold,ALD14,0.00001,0.99996,0.00001,0.00001,0.00001
Archbold,Archbold,ALD15,0.00001,0.99996,0.00001,0.00001,0.00001
Archbold,Archbold,ALD16,0.000019,0.999951,0.00001,0.00001,0.00001
Archbold,Archbold,ALD17,0.00001,0.99996,0.00001,0.00001,0.00001
Archbold,Archbold,ALD18,0.00001,0.99996,0.00001,0.00001,0.00001
Archbold,Archbold,ALD19,0.00001,0.999957,0.000013,0.00001,0.00001
Archbold,Archbold,ALD20,0.00001,0.99996,0.00001,0.00001,0.00001
Archbold,Archbold,ALD21,0.00001,0.99996,0.00001,0.00001,0.00001
Archbold,Archbold,ALD22,0.00001,0.976474,0.00001,0.00001,0.023496
Archbold,Archbold,ALD23,0.00001,0.99996,0.00001,0.00001,0.00001
Archbold,Archbold,ALD24,0.00001,0.995407,0.00001,0.00001,0.004563
Archbold,Archbold,ALD26,0.00001,0.999959,0.000011,0.00001,0.00001
Archbold,Archbold,ALD29,0.00001,0.970424,0.00001,0.00001,0.029546
NBC,BL,BCK65,0.194238,0.030019,0.511968,0.055891,0.207883
NBC,BL,BCK66,0.263385,0.031816,0.190842,0.065852,0.448105
NBC,BL,BCK67,0.224052,0.036688,0.367602,0.062854,0.308805
CBC,Cruickshank,CCK186,0.00001,0.00001,0.00001,0.00001,0.99996
CBC,Cruickshank,CCK26,0.00001,0.00001,0.00001,0.056853,0.943117
CBC,Cruickshank,CCK27,0.00001,0.00001,0.00001,0.050217,0.949753
CBC,Cruickshank,CCK29,0.00001,0.00001,0.00001,0.066794,0.933176
CBC,Cruickshank,CCK30,0.013798,0.00001,0.091462,0.025252,0.869478
CBC,Cruickshank,CCK31,0.00001,0.00001,0.00001,0.058337,0.941633
CBC,Cruickshank,CCK32,0.00001,0.00001,0.00001,0.06627,0.9337
CBC,Cruickshank,CCK33,0.00001,0.00001,0.00001,0.00001,0.99996
CBC,Cruickshank,CCK34,0.184578,0.00001,0.032035,0.028337,0.755041
CBC,Cruickshank,CCK35,0.00001,0.00001,0.00001,0.017653,0.982317
CBC,Cruickshank,CCK36,0.00001,0.00001,0.026105,0.00001,0.973865
CBC,Cruickshank,CCK37,0.00001,0.00001,0.00001,0.00001,0.99996
CBC,Cruickshank,CCK38,0.00001,0.00001,0.020446,0.00001,0.979524
CBC,Cruickshank,CCK39,0.00001,0.00001,0.00001,0.00001,0.99996
CBC,Cruickshank,CCK400,0.059774,0.00001,0.031011,0.10486,0.804345
CBC,Cruickshank,CCK405,0.048746,0.00001,0.075745,0.132816,0.742683
CBC,Cruickshank,CCK408,0.097845,0.00001,0.00001,0.007415,0.89472
CBC,Cruickshank,CCK40,0.00001,0.00001,0.00001,0.00001,0.99996
CBC,Cruickshank,CCK410,0.00001,0.00001,0.00001,0.00001,0.99996
CBC,Cruickshank,CCK412,0.00001,0.00001,0.00001,0.016015,0.983955
CBC,Cruickshank,CCK413,0.00001,0.00001,0.00001,0.010722,0.989247
CBC,Cruickshank,CCK419,0.00001,0.00001,0.00001,0.00001,0.99996
CBC,Cruickshank,CCK41,0.00001,0.00001,0.00001,0.00001,0.99996
CBC,Cruickshank,CCK423,0.00001,0.00001,0.00001,0.00001,0.99996
CBC,Cruickshank,CCK424,0.00001,0.00001,0.00001,0.00001,0.99996
CBC,Cruickshank,CCK426,0.00001,0.00001,0.00001,0.00001,0.99996
CBC,Cruickshank,CCK427,0.00001,0.00001,0.017554,0.00001,0.982416
CBC,Cruickshank,CCK428,0.00001,0.00001,0.00001,0.00001,0.99996
CBC,Cruickshank,CCK429,0.00001,0.00001,0.00001,0.00001,0.99996
CBC,Cruickshank,CCK42,0.159259,0.00001,0.140411,0.00001,0.700311
CBC,Cruickshank,CCK430,0.00001,0.00001,0.00001,0.014487,0.985483
CBC,Cruickshank,CCK43,0.211442,0.00001,0.126174,0.00001,0.662364
CBC,Cruickshank,CCK44,0.00001,0.00001,0.00001,0.00001,0.99996
CBC,Cruickshank,CCK45,0.00001,0.00001,0.00001,0.00001,0.99996
CBC,Cruickshank,CCK46,0.006315,0.000011,0.00001,0.10318,0.890485
CBC,Cruickshank,CCK47,0.187134,0.00001,0.03282,0.029919,0.750117
CBC,Cruickshank,CCK480,0.00001,0.00001,0.00001,0.00001,0.99996
CBC,Cruickshank,CCK483,0.00001,0.000011,0.00001,0.044422,0.955547
CBC,Cruickshank,CCK486,0.045978,0.00001,0.00001,0.004659,0.949343
CBC,Cruickshank,CCK489,0.173414,0.00001,0.036313,0.022416,0.767847
CBC,Cruickshank,CCK48,0.024715,0.00001,0.040099,0.032869,0.902306
CBC,Cruickshank,CCK490,0.00001,0.00001,0.00001,0.00001,0.99996
CBC,Cruickshank,CCK49,0.00001,0.00001,0.00001,0.00001,0.99996
CBC,Cruickshank,CCK50,0.00001,0.00001,0.00001,0.032737,0.967233
CBC,Cruickshank,CCK51,0.26823,0.067067,0.208227,0.099112,0.357364
CBC,Cruickshank,CCK52,0.00001,0.00001,0.00001,0.00001,0.99996
CBC,Cruickshank,CCK54,0.00001,0.00001,0.00001,0.00001,0.99996
CBC,Cruickshank,CCK55,0.000014,0.00001,0.00001,0.00001,0.999956
Merritt Island,CNS,CNS214,0.999952,0.00001,0.00001,0.000018,0.00001
Merritt Island,CNS,CNS215,0.99996,0.00001,0.00001,0.00001,0.00001
Merritt Island,CNS,CNS216,0.99996,0.00001,0.00001,0.00001,0.00001
Merritt Island,CNS,CNS217,0.99996,0.00001,0.00001,0.00001,0.00001
Merritt Island,CNS,CNS218,0.99996,0.00001,0.00001,0.00001,0.00001
NBC,DCE,DCE56,0.247589,0.057021,0.223442,0.112258,0.35969
NBC,DCE,DCE57,0.304434,0.041735,0.184868,0.103131,0.365832
NBC,DCE,DCE58,0.239543,0.047162,0.139226,0.090387,0.483681
NBC,DCE,DCE59,0.14857,0.00001,0.020206,0.029189,0.802025
NBC,DCE,DCE60,0.078859,0.00001,0.049289,0.088086,0.783757
NBC,DCE,DCE61,0.213877,0.047861,0.173277,0.065019,0.499965
NBC,SL,EF244,0.00001,0.00001,0.00001,0.99996,0.00001
NBC,SL,EF245,0.000017,0.00001,0.000016,0.999947,0.00001
NBC,SL,EF246,0.00001,0.00001,0.00001,0.99996,0.00001
NBC,SL,EF247,0.254109,0.004878,0.199912,0.346792,0.194309
NBC,Fox,FOX383,0.091322,0.00001,0.084541,0.087638,0.736488
NBC,SL,FOX62,0.000011,0.00001,0.000013,0.999956,0.00001
NBC,SL,FOX63,0.291349,0.039616,0.15295,0.290034,0.22605
NBC,SL,FOX64,0.130564,0.00001,0.06462,0.720718,0.084088
Merritt Island,Happy Creek,HCK01,0.841907,0.00001,0.042603,0.007281,0.108199
Merritt Island,Happy Creek,HCK02,0.829817,0.005473,0.037009,0.022512,0.105189
Merritt Island,Happy Creek,HCK128,0.928828,0.00001,0.035038,0.006631,0.029493
Merritt Island,Happy Creek,HCK131,0.970578,0.000126,0.00001,0.003639,0.025647
Merritt Island,Happy Creek,HCK132,0.99996,0.00001,0.00001,0.00001,0.00001
Merritt Island,Happy Creek,HCK133,0.955517,0.000911,0.03105,0.003583,0.00894
Merritt Island,Happy Creek,HCK141,0.990188,0.00001,0.009782,0.00001,0.00001
Merritt Island,Happy Creek,HCK142,0.976263,0.00001,0.013799,0.009918,0.00001
Merritt Island,Happy Creek,HCK221,0.976047,0.001584,0.00001,0.00001,0.022349
Merritt Island,Happy Creek,HCK226,0.99996,0.00001,0.00001,0.00001,0.00001
Merritt Island,Happy Creek,HCK438,0.99066,0.00001,0.007303,0.00001,0.002017
Merritt Island,Happy Creek,HCK445,0.976394,0.00001,0.015825,0.007761,0.00001
Merritt Island,Happy Creek,HCK448,0.93559,0.008744,0.023182,0.007216,0.025268
Merritt Island,Happy Creek,HCK99,0.99996,0.00001,0.00001,0.00001,0.00001
Merritt Island,Happy Creek,HCKW123,0.99996,0.00001,0.00001,0.00001,0.00001
Merritt Island,Happy Creek,HCKW442,0.99996,0.00001,0.00001,0.00001,0.00001
Merritt Island,Happy Creek,HCKW98,0.99996,0.00001,0.00001,0.00001,0.00001
SBC,Malabar,MALB143,0.00001,0.00001,0.690931,0.00001,0.309039
SBC,Malabar,MALB379,0.00001,0.00001,0.65176,0.00001,0.34821
SBC,Malabar,MALB382,0.080671,0.00001,0.676793,0.043513,0.199013
SBC,Malabar,MALB398,0.070771,0.00001,0.649667,0.033847,0.245705
SBC,Malabar,MALB452,0.041721,0.00001,0.512029,0.021529,0.424711
SBC,Malabar,MALB455,0.119062,0.00001,0.643934,0.024073,0.212921
SBC,Malabar,MALB494,0.000013,0.00001,0.999957,0.00001,0.00001
SBC,Malabar,MALB496,0.000016,0.00001,0.999953,0.000011,0.00001
SBC,Malabar,MALB497,0.00001,0.00001,0.864945,0.00001,0.135025
SBC,Malabar,MALB498,0.018017,0.00001,0.735843,0.010488,0.235642
SBC,Malabar,MALB499,0.000011,0.00001,0.999959,0.000011,0.00001
SBC,Malabar,MALB500,0.00001,0.00001,0.688894,0.027659,0.283427
SBC,Malabar,MALB82,0.081215,0.00001,0.594371,0.014077,0.310326
SBC,Malabar,MALB83,0.114777,0.00001,0.597912,0.029494,0.257807
SBC,Micco,MICO227,0.070224,0.00001,0.695565,0.00001,0.234192
SBC,Micco,MICO236,0.222801,0.00944,0.512209,0.017338,0.238212
SBC,Micco,MICO237,0.209154,0.036407,0.527195,0.016989,0.210254
SBC,Micco,MICO239,0.092296,0.00001,0.714079,0.007693,0.185922
SBC,Micco,MICO240,0.085624,0.00001,0.646174,0.039532,0.22866
SBC,Micco,MICO241,0.168217,0.00001,0.518911,0.010899,0.301963
SBC,Micco,MICO242,0.177749,0.03955,0.487437,0.048915,0.246348
SBC,Micco,MICO243,0.180798,0.01067,0.521482,0.039111,0.247939
NBC,SL,NORT384,0.07066,0.00001,0.104294,0.785364,0.039672
NBC,Fox,NORT385,0.00001,0.00001,0.00001,0.00001,0.99996
Ocala,Ocala,OC07,0.390047,0.392457,0.137572,0.034833,0.045091
Ocala,Ocala,OC11,0.3943,0.399581,0.132431,0.02934,0.044347
Ocala,Ocala,OC14,0.378879,0.407205,0.141025,0.025232,0.047658
Ocala,Ocala,OC20,0.382082,0.405095,0.139727,0.02469,0.048406
Ocala,Ocala,OC22,0.381831,0.411416,0.134489,0.031576,0.040688
Ocala,Ocala,OC26,0.387982,0.406539,0.133758,0.021899,0.049823
Ocala,Ocala,OC28,0.383752,0.413874,0.140056,0.025999,0.03632
Ocala,Ocala,OC32,0.377608,0.425895,0.14188,0.024971,0.029646
Ocala,Ocala,OC33,0.376832,0.401866,0.14571,0.029118,0.046474
Ocala,Ocala,OC34,0.393233,0.395645,0.127941,0.024547,0.058634
Ocala,Ocala,OC35,0.375803,0.417469,0.142415,0.021259,0.043053
Ocala,Ocala,OC36,0.369982,0.410645,0.148584,0.029592,0.041197
Ocala,Ocala,OC37,0.376325,0.400454,0.149086,0.030935,0.0432
Ocala,Ocala,OC38,0.380977,0.396592,0.140481,0.024232,0.057718
Ocala,Ocala,OC39,0.369793,0.389203,0.138464,0.024693,0.077847
Ocala,Ocala,OC40,0.36549,0.393775,0.14754,0.02551,0.067685
Ocala,Ocala,OC41,0.390003,0.403371,0.136062,0.028441,0.042122
Ocala,Ocala,OC42,0.383077,0.412443,0.132281,0.02838,0.043819
Ocala,Ocala,OC43,0.379161,0.410122,0.139969,0.024586,0.046161
Ocala,Ocala,OC44,0.393643,0.410703,0.135672,0.0336,0.026382
Merritt Island,RR,RR110,0.99996,0.00001,0.00001,0.00001,0.00001
Merritt Island,RR,RR111,0.99996,0.00001,0.00001,0.00001,0.00001
Merritt Island,RR,RR112,0.965667,0.003123,0.025874,0.00001,0.005325
Merritt Island,RR,RR205,0.917167,0.00001,0.00001,0.00001,0.082803
Merritt Island,RR,RR206,0.99996,0.00001,0.00001,0.00001,0.00001
Merritt Island,RR,RR207,0.984883,0.00001,0.00001,0.015086,0.00001
Merritt Island,RR,RR95,0.99996,0.00001,0.00001,0.00001,0.00001
Merritt Island,RR,RR96,0.99996,0.00001,0.00001,0.00001,0.00001
Merritt Island,Shiloh,SHIL108,0.999952,0.00001,0.00001,0.000018,0.00001
Merritt Island,Shiloh,SHIL147,0.955834,0.004771,0.02444,0.009667,0.005288
Merritt Island,Shiloh,SHIL148,0.815535,0.014204,0.056992,0.036396,0.076873
Merritt Island,Shiloh,SHIL159,0.977668,0.00001,0.010309,0.00001,0.012003
Merritt Island,Shiloh,SHIL166,0.82605,0.050726,0.081922,0.014444,0.026858
Merritt Island,Shiloh,SHIL168,0.826413,0.036972,0.077853,0.005946,0.052817
Merritt Island,Shiloh,SHIL459,0.903864,0.00001,0.00001,0.021262,0.074854
Merritt Island,Shiloh,SHIL462,0.996174,0.00001,0.00001,0.003796,0.00001
Merritt Island,Shiloh,SHIL472,0.853059,0.00327,0.025249,0.02134,0.097082
Merritt Island,Shiloh,SHIL474,0.979072,0.00001,0.00001,0.00001,0.020898
Merritt Island,Shiloh,SHIL475,0.977751,0.00001,0.009079,0.01315,0.00001
Merritt Island,Shiloh,SHIL476,0.999384,0.00001,0.00001,0.000586,0.00001
Merritt Island,Shiloh,SHIL477,0.897431,0.00001,0.018241,0.02333,0.060987
Merritt Island,Shiloh,SHIL478,0.959671,0.00001,0.00001,0.007531,0.032778
NBC,SL,SLCA87,0.00001,0.000012,0.000019,0.999949,0.00001
NBC,SL,SLCA88,0.00001,0.00001,0.00001,0.99996,0.00001
NBC,SL,SLCA89,0.00001,0.00001,0.00001,0.99996,0.00001
Merritt Island,Schwartz,SRTZ124,0.99996,0.00001,0.00001,0.00001,0.00001
Merritt Island,Schwartz,SRTZ125,0.99996,0.00001,0.00001,0.00001,0.00001
Merritt Island,Schwartz,SRTZ126,0.99996,0.00001,0.00001,0.00001,0.00001
Merritt Island,Schwartz,SRTZ127,0.99996,0.00001,0.00001,0.00001,0.00001
Merritt Island,Schwartz,SRTZ199,0.99996,0.00001,0.00001,0.00001,0.00001
Merritt Island,Schwartz,SRTZ200,0.942546,0.001007,0.016422,0.018062,0.021963
Merritt Island,Schwartz,SRTZ201,0.99996,0.00001,0.00001,0.00001,0.00001
Merritt Island,Schwartz,SRTZ202,0.99996,0.00001,0.00001,0.00001,0.00001
Merritt Island,Schwartz,SRTZ203,0.99996,0.00001,0.00001,0.00001,0.00001
Merritt Island,Schwartz,SRTZ204,0.99996,0.00001,0.00001,0.00001,0.00001
Merritt Island,TEL4,TEL229,0.913259,0.01984,0.03474,0.010085,0.022076
Merritt Island,TEL4,TEL230,0.974617,0.00001,0.002785,0.002246,0.020341
Merritt Island,TEL4,TEL231,0.99996,0.00001,0.00001,0.00001,0.00001
Merritt Island,TEL4,TEL232,0.99996,0.00001,0.00001,0.00001,0.00001
Merritt Island,TEL4,TEL233,0.999954,0.00001,0.00001,0.000016,0.00001
Merritt Island,TEL4,TEL234,0.99996,0.00001,0.00001,0.00001,0.00001
Merritt Island,TEL4,TEL449,0.999951,0.00001,0.00001,0.000019,0.00001
Merritt Island,TEL4,TEL450,0.99996,0.00001,0.00001,0.00001,0.00001
SBC,Valkaria,VALK386,0.014499,0.00001,0.603228,0.083382,0.298881
SBC,Valkaria,VALK387,0.00001,0.00001,0.64616,0.00001,0.35381
SBC,Valkaria,VALK389,0.000011,0.00001,0.710093,0.012285,0.277601
SBC,Valkaria,VALK390,0.00001,0.00001,0.99996,0.00001,0.00001
SBC,Valkaria,VALK391,0.00001,0.00001,0.99996,0.00001,0.00001
SBC,Valkaria,VALK392,0.00001,0.00001,0.99996,0.00001,0.00001
SBC,Valkaria,VALK393,0.00001,0.00001,0.99996,0.00001,0.00001
SBC,Valkaria,VALK394,0.026852,0.00001,0.320931,0.038392,0.613815
SBC,Valkaria,VALK501,0.00001,0.00001,0.99996,0.00001,0.00001
SBC,Valkaria,VALK502,0.146945,0.050631,0.519886,0.057352,0.225186
SBC,Valkaria,VALK503,0.00001,0.00001,0.99996,0.00001,0.00001
SBC,Valkaria,VALK504,0.016442,0.00001,0.713107,0.026989,0.243452
CBC,Viera,VRA03,0.00001,0.00001,0.00001,0.016464,0.983506
CBC,Viera,VRA04,0.125124,0.007775,0.158467,0.112017,0.596617
CBC,Viera,VRA05,0.101332,0.00001,0.076963,0.029263,0.792433
CBC,Viera,VRA06,0.134126,0.00001,0.072744,0.002174,0.790946
CBC,Viera,VRA07,0.069871,0.00001,0.127674,0.025239,0.777206
CBC,Viera,VRA08,0.063761,0.000014,0.140862,0.00001,0.795353
CBC,Viera,VRA09,0.00001,0.00001,0.027278,0.00001,0.972692
CBC,Viera,VRA10,0.045882,0.00001,0.001852,0.00001,0.952246
CBC,Viera,VRA11,0.00001,0.00001,0.00001,0.042503,0.957467
CBC,Viera,VRA12,0.143384,0.00001,0.030221,0.00001,0.826375
CBC,Viera,VRA13,0.076319,0.00001,0.031704,0.01764,0.874327
CBC,Viera,VRA15,0.096052,0.003697,0.08875,0.021067,0.790434
CBC,Viera,VRA16,0.091399,0.00001,0.105595,0.013073,0.789923
CBC,Viera,VRA172,0.15007,0.00001,0.036683,0.008438,0.804799
CBC,Viera,VRA174,0.117301,0.00001,0.00001,0.021078,0.861601
CBC,Viera,VRA17,0.000109,0.00001,0.023111,0.028282,0.948489
CBC,Viera,VRA18,0.186573,0.010339,0.094888,0.049421,0.658779
CBC,Viera,VRA19,0.161931,0.004443,0.07115,0.040853,0.721623
CBC,Viera,VRA20,0.07347,0.00001,0.01597,0.00001,0.91054
CBC,Viera,VRA212,0.059747,0.00001,0.082429,0.00001,0.857804
CBC,Viera,VRA21,0.00001,0.00001,0.00001,0.00001,0.99996
CBC,Viera,VRA23,0.160907,0.021959,0.119813,0.106814,0.590506
CBC,Viera,VRA24,0.088561,0.00001,0.128839,0.045983,0.736607
CBC,Viera,VRA25,0.105145,0.00001,0.147587,0.104609,0.642649
CBC,Viera,VRA70,0.00001,0.00001,0.00001,0.023373,0.976597