Region,Location,Sample ID,PC01,PC02,PC03,PC04,PC05,PC06,PC07,PC08,PC09,PC10,PC11,PC12,PC13,PC14,PC15,PC16,PC17,PC18,PC19,PC20
Archbold,Archbold,ALD01,0.157022,0.086497,-0.0148366,-0.000566449,0.049881,-0.00249246,-0.000704204,-0.00243994,0.00163664,-0.00109585,-0.00306342,0.000444386,-0.000562129,-0.00444134,0.00457619,-0.000941075,-0.00724875,0.0180985,-0.00132377,0.00783459
Archbold,Archbold,ALD02,0.154839,0.0850673,-0.0151623,-0.000659858,0.0539279,0.000588345,7.56E-05,-0.00259736,0.00101172,0.000986132,0.00144367,-0.00343272,0.00071768,-0.00732117,0.00584711,-0.0108496,-0.0154501,0.0570284,-0.0212582,-0.191668
Archbold,Archbold,ALD03,0.123115,0.076546,-0.0149227,0.00266335,0.0591965,-0.00232768,0.000505243,0.00159322,-0.000958475,-0.00110167,-0.00242767,0.00247412,0.00154168,0.00436677,-0.00620901,-0.00405914,-0.0130349,0.0255591,-0.00240959,-0.0401938
Archbold,Archbold,ALD04,0.156028,0.0870747,-0.0166372,-0.0017839,0.054136,-0.000384337,9.41E-05,-0.00207581,-0.000132778,0.000753763,0.00132108,-0.000336277,-0.00118732,-0.00105033,0.00391326,0.00147834,0.00187758,0.00659644,0.00307236,0.00516743
Archbold,Archbold,ALD05,0.160847,0.0921962,-0.0157574,-0.0020486,0.0606203,-0.00278158,0.00262562,-0.00137633,-0.00405105,0.00333655,0.00188858,-0.000489403,-0.00311674,0.00227837,0.00263996,-0.00371318,-0.00715571,0.0203918,0.00118403,0.0106506
Archbold,Archbold,ALD06,0.169301,0.0995898,-0.0174719,0.00113997,0.078788,-0.00161425,0.00253074,-0.00177908,-0.00248113,0.00374134,0.00377458,0.00406604,0.00428066,0.0099493,-0.0128086,-0.0092702,-0.0552279,0.12331,0.0148092,0.111218
Archbold,Archbold,ALD07,0.120977,0.0749004,-0.0135142,0.0040316,0.0564907,0.00119837,0.00191349,0.000704868,-0.00338392,0.000227023,-0.000396339,0.00431161,0.00156826,0.0124993,-0.0143847,-0.00585957,-0.0409911,0.087897,0.0122934,0.0659466
Archbold,Archbold,ALD08,0.132349,0.0837074,-0.0158384,0.00131133,0.0686328,-0.000368135,0.00346176,0.000296975,-0.00273605,0.00141559,-0.000184953,0.00342259,0.00545246,0.014341,-0.0164611,-0.010186,-0.0504439,0.110603,0.00991433,0.0809908
Archbold,Archbold,ALD09,0.167835,0.100371,-0.0198351,-0.000831407,0.0823922,-0.00225887,-0.00233738,-0.00238159,-0.000133602,-0.000397606,0.00163793,-0.00232216,-0.00718258,0.00238859,0.00236316,-0.0259121,-0.0920036,0.308186,-0.014734,0.26417
Archbold,Archbold,ALD10,0.140357,0.0888418,-0.0195754,0.000518049,0.0761322,-0.00183312,-0.0010729,-0.000603958,-0.00141767,-0.000698916,-0.000460941,-0.000952196,-0.00371883,0.00742565,-0.00749952,-0.0195779,-0.075337,0.231786,-0.00868973,0.195158
Archbold,Archbold,ALD11,0.156219,0.0897106,-0.0149286,-0.00158716,0.0569658,-0.00185949,0.00258338,-0.00230765,-0.00286816,0.00163367,0.00111812,-0.000215246,-0.000645713,0.000167136,0.0041455,-0.00467679,-0.002686,0.0162677,-0.00263233,-0.00441149
Archbold,Archbold,ALD12,0.163789,0.0968295,-0.0186839,-0.00149439,0.0701175,-0.0044953,0.000751638,-0.00242748,0.00226506,0.00441712,0.00197853,-0.00173505,-0.00228087,-0.0121847,0.00765667,0.0204592,0.0675084,-0.178415,0.0207906,0.0214196
Archbold,Archbold,ALD13,0.16662,0.100885,-0.0187356,-0.000278098,0.0777125,-0.00686532,0.00100675,-0.00224097,0.00223226,-7.21E-05,0.00174511,-0.00349648,0.00198,-0.0211818,0.0151343,0.0479758,0.135542,-0.400804,0.0416251,0.0896249
Archbold,Archbold,ALD14,0.160362,0.0949626,-0.0182132,-0.000950574,0.0659463,-0.00363343,0.000438156,-0.00412696,0.00266548,0.0024348,0.00178622,0.000276917,-0.00607531,-0.00571728,0.00649131,0.0178356,0.0620507,-0.15466,0.0168426,0.0248664
Archbold,Archbold,ALD15,0.148819,0.0827081,-0.0132045,-0.000482532,0.0528056,-0.00249525,-0.00154641,-0.00238999,0.000270556,0.00135043,-0.00135517,-0.000589084,-0.000140203,-0.0010429,0.000267549,-0.00385677,-0.00818555,0.0202822,-0.00178434,-0.0135091
Archbold,Archbold,ALD16,0.159135,0.0937485,-0.016433,-0.00101107,0.0714045,-0.00138886,-0.00298634,-0.00110084,-0.0045388,-0.000975665,0.00234617,-0.00122902,-0.00734033,0.00313073,0.000588911,-0.0228626,-0.0825626,0.274642,-0.0142718,0.238257
Archbold,Archbold,ALD17,0.12604,0.0784248,-0.0136304,0.00171817,0.0614314,0.00110564,0.0023037,-2.49E-05,-0.00152748,0.000462545,-0.00194023,0.00215573,0.00187758,0.0120169,-0.0127219,-0.00559875,-0.0328933,0.0691155,0.00387225,0.0412998
Archbold,Archbold,ALD18,0.160217,0.0913028,-0.0161867,-1.09E-05,0.0650553,-0.00604249,0.00230448,-0.0013813,0.00162842,0.000285047,0.00110578,-0.00233495,0.00512158,-0.0229408,0.0154319,0.050921,0.141089,-0.432443,0.0396471,0.0831883
Archbold,Archbold,ALD19,0.155001,0.0852922,-0.0140715,0.000363517,0.0493602,-0.00163136,0.00206681,-0.00122504,0.000644691,0.0019441,-0.00342632,-0.000797196,-0.00184014,-0.00402904,0.00655306,0.00175742,-0.00254683,-0.00537129,-0.00212699,-0.012936
Archbold,Archbold,ALD20,0.157421,0.0889591,-0.0178281,-0.00307983,0.0600958,-0.00391726,-0.00113455,-0.00158644,-0.000950659,0.00193519,0.00155581,0.00033373,-0.00157636,-0.0047277,8.94E-05,-0.00740094,-0.0148083,0.0501678,-0.00847147,-0.00489082
Archbold,Archbold,ALD21,0.163505,0.0952744,-0.0166322,0.00037899,0.0689295,-0.00465935,0.0012774,-0.00131431,0.00216322,0.00100241,0.00189889,-0.0041984,0.00439828,-0.0213124,0.0123512,0.0491059,0.137668,-0.424273,0.0417337,0.0806012
Archbold,Archbold,ALD22,0.113781,0.0712652,-0.0132962,0.00288863,0.0548406,-9.05E-05,0.00372279,0.0012523,-0.00282631,0.000375268,-0.00427405,-0.000333428,0.00114403,0.0127925,-0.0123891,-0.00401511,-0.0219918,0.0433329,-0.00198356,0.0192172
Archbold,Archbold,ALD23,0.159975,0.0896458,-0.0165191,-0.00119875,0.0596812,0.000105314,0.000297335,0.000297494,0.00343783,-0.00302768,-0.000821589,-0.00126905,0.000518547,-0.00890283,0.0122639,-0.0260591,-0.0162541,0.0957947,-0.0635762,-0.558488
Archbold,Archbold,ALD24,0.128396,0.0758511,-0.0135481,-0.00159466,0.0474177,-0.000323784,0.00138595,-0.000236788,0.00175541,-0.00193054,-0.00285321,-0.000123908,-0.000208877,0.00688734,-0.00440119,-0.00295395,-0.00667718,0.0108899,-0.00144295,0.0131066
Archbold,Archbold,ALD26,0.155654,0.0867489,-0.0153722,-0.000378618,0.0572074,-0.000123265,0.000273438,0.00124254,0.0033388,-0.00266896,-0.00279538,-0.00139925,-1.67E-05,-0.00913264,0.00898527,-0.029942,-0.01784,0.0968632,-0.0635405,-0.558466
Archbold,Archbold,ALD29,0.110501,0.0700513,-0.0136313,0.00285179,0.0515006,0.00200018,0.00355702,0.00219133,-0.00010684,-0.000636857,-0.00385406,0.000766679,0.00168729,0.0149752,-0.0102305,-0.00364586,-0.0192644,0.0331042,0.00144611,-0.0114337
NBC,Buck Lake,BCK65,-0.0147952,-0.00975542,0.0809332,0.0305618,0.0061978,0.016542,0.00955624,-0.00109089,-0.00631497,-0.114344,-0.0127386,0.0179158,0.00158294,-0.0410739,0.0138335,0.0288023,-0.0171703,-0.00176422,0.0357913,-0.0107115
NBC,Buck Lake,BCK66,-0.0276736,0.0062447,0.0147652,0.00288553,-0.00637728,-0.0408351,0.00692577,-0.0111898,0.0129874,-0.0408528,0.00680166,-0.0250764,-0.00416536,0.0274666,0.00279208,-0.0663851,-0.0378947,-0.0289627,-0.0554117,-0.0150759
NBC,Buck Lake,BCK67,-0.0199869,-0.00385026,0.0451681,0.0138977,-0.00436379,0.00578378,0.00960995,0.00222621,-0.0112013,-0.0800446,-0.0024471,0.00600871,0.00303484,0.0044031,0.00288681,0.00526205,0.0252492,0.000576698,-0.0174676,-0.00484143
CBC,Cruickshank,CCK186,-0.0736464,0.072851,-0.0616435,0.0188572,-0.0178038,0.0150901,-0.101724,-0.377061,-0.0313915,0.0431898,0.032006,0.0176559,-0.00461587,-0.0983733,0.0678727,0.0354917,0.00939788,0.0078142,-0.0211196,-0.00136017
CBC,Cruickshank,CCK26,-0.0686648,0.0612181,-0.0394454,-0.0456725,-0.0145508,-0.0127047,0.341691,-0.0213791,-0.0490882,0.0427399,0.00696028,0.00793963,0.00338605,-0.0446223,0.0395982,0.00484798,0.0117401,0.0030778,-0.00612976,-0.00434765
CBC,Cruickshank,CCK27,-0.0562965,0.0499878,-0.0234992,-0.0286664,-0.0035526,-0.0169437,0.286953,-0.0214729,-0.0076948,0.0218628,0.00104296,-0.00184899,0.00518088,-0.00551675,0.00135553,-0.00530918,0.00472054,0.00315765,0.00148861,0.00587631
CBC,Cruickshank,CCK29,-0.0630338,0.0557042,-0.0312888,-0.0364787,-0.009808,-0.0235788,0.311531,-0.00824389,-0.0174107,0.0319828,0.00327359,0.00664327,0.00575577,-0.0537055,0.0312321,0.0129099,0.0178177,0.0118904,-0.00264846,0.00418246
CBC,Cruickshank,CCK30,-0.0590481,0.0499299,-0.0356287,0.0205283,-0.00520579,-0.0108221,-0.0646135,-0.111496,-0.0850005,0.0125779,-0.000341555,0.00442584,0.001532,-0.0164041,0.0116357,0.0253596,0.000871987,0.00746509,-0.0135034,0.00168896
CBC,Cruickshank,CCK31,-0.0641422,0.0568162,-0.0339951,-0.0470562,-0.0130542,-0.0201501,0.357084,-0.0136682,0.00494951,0.0256143,0.00323423,0.00806199,0.00849064,-0.0507095,0.0316965,0.0133967,0.0197688,0.0111971,-0.00114602,0.00118974
CBC,Cruickshank,CCK32,-0.0593192,0.0529501,-0.0306724,-0.0386793,-0.0141329,-0.0211694,0.333696,-0.0181095,-0.0163103,0.0269017,0.00130398,0.00418809,0.00515706,-0.0450921,0.0306844,-0.000250093,0.004532,0.00269376,0.00257459,0.000996125
CBC,Cruickshank,CCK33,-0.0697146,0.0638725,-0.0719706,0.00323513,-0.0079882,0.147758,-0.0231898,0.0673908,-0.0673993,0.0316561,-0.0121671,0.0110267,0.00208047,-0.0224274,0.0337835,-0.02773,0.0228044,0.00654228,0.0136504,0.00247359
CBC,Cruickshank,CCK34,-0.0490194,0.0301813,-0.0608953,-0.00868535,0.00424485,0.186393,-0.0401903,0.164264,-0.379217,0.0246328,-0.027988,0.00570207,0.0119878,0.108865,-0.0584911,-0.0264135,-0.0150931,-0.0225932,-0.00602044,-0.00713966
CBC,Cruickshank,CCK35,-0.0608098,0.0495251,-0.0295042,-0.000131767,-0.00338267,-0.102179,0.140494,0.00908505,-0.0307799,0.00808503,-0.00663992,0.00314343,0.00133599,-0.0474866,0.0415693,-0.0771885,-0.0609513,-0.0223139,0.00587738,0.00526162
CBC,Cruickshank,CCK36,-0.060461,0.0502716,-0.0337658,0.0379804,-0.00140125,-0.150919,-0.0249228,0.0524728,-0.023948,-0.00363334,-0.0144895,0.00102572,-0.000155734,-0.0470207,0.0430525,-0.123101,-0.100153,-0.0394701,0.00648096,0.00940411
CBC,Cruickshank,CCK37,-0.0721433,0.0717224,-0.0744423,0.0147395,-0.0143196,0.133683,-0.0690385,0.123378,0.0957117,0.0292624,-0.00107082,0.0165512,0.00934945,-0.0781178,0.0496736,0.0798789,0.0633954,0.0317675,0.00390078,0.000267463
CBC,Cruickshank,CCK38,-0.0679379,0.0614135,-0.0266071,0.0573905,-0.0062695,-0.258824,-0.0918868,0.114574,-0.0483147,0.0264807,-0.00405229,0.00966209,-0.00293261,-0.102161,0.0846026,-0.0848642,-0.0391779,-0.0154856,0.00563762,0.00619639
CBC,Cruickshank,CCK39,-0.0678281,0.0652762,-0.0823114,0.00852698,-0.0106752,0.188664,-0.0482009,0.126997,0.00472552,0.0447051,-0.00891876,0.0124492,0.00424642,-0.100696,0.0854358,0.000559451,0.010937,0.00931714,0.00190367,0.00523824
CBC,Cruickshank,CCK400,-0.0541519,0.0437452,-0.0187174,-0.0451858,-0.0100023,-0.0065798,0.262033,-0.00640296,0.0265563,0.0106852,0.00295025,-0.000106318,0.00854661,-0.0436807,0.0379249,-0.00217838,0.0187553,0.0113655,0.012622,0.00311825
CBC,Cruickshank,CCK405,-0.0490747,0.0378163,-0.00702228,-0.0371603,0.00276418,-0.00393469,0.19518,-0.00153158,0.0127774,0.0015327,-0.0011796,0.00652465,0.0102932,-0.0229964,0.0100324,-0.00329945,0.0149663,0.0132297,0.00532827,0.00933447
CBC,Cruickshank,CCK408,-0.0608293,0.0465097,-0.0729347,-0.00276095,-0.00208759,0.151014,-0.0552166,0.0213492,-0.296257,0.0284062,-0.0156249,0.0114095,0.00409231,0.0469103,-0.0254565,-0.0181346,0.00475419,-0.00959821,0.0010254,-0.00375969
CBC,Cruickshank,CCK40,-0.0684731,0.0656183,-0.0603986,0.0204865,-0.0126745,0.0250119,-0.0505227,-0.113672,-0.0273773,0.0283562,-0.0011655,0.0213822,-0.00691646,-0.0159919,0.00226124,0.0307689,0.0554188,0.0240579,-0.00473848,-0.00155422
CBC,Cruickshank,CCK410,-0.0665774,0.0620332,-0.0460421,0.0210346,-0.00847414,0.101361,-0.0607343,-0.182297,0.0153936,0.0239855,0.0209842,-0.000918148,-0.0183337,-0.0393645,0.0425624,-0.0460144,-0.0172168,-0.00576087,0.0218338,0.00341792
CBC,Cruickshank,CCK412,-0.0683268,0.0647161,-0.0479254,0.00402836,-0.0101554,0.107731,-0.0604838,-0.182771,-0.00584776,0.0301731,0.0206643,-0.000175693,-0.0103412,-0.0390887,0.0416973,-0.0416335,-0.00735992,-0.00335621,0.0270044,0.00364647
CBC,Cruickshank,CCK413,-0.0751736,0.0769097,-0.0619161,-0.0162257,-0.00474875,0.173435,-0.0390142,0.169775,0.179416,0.0310977,0.0041321,0.00181088,-0.0020951,-0.119839,0.0844258,-0.00907514,-0.0120388,0.00153787,-0.011329,0.00734873
CBC,Cruickshank,CCK419,-0.0624062,0.0559996,-0.0456536,0.0362417,-0.00894996,-0.162977,-0.0513967,0.0835693,-0.0208589,0.0341984,0.0131998,0.00737682,0.00747153,0.0277235,-0.0698201,0.242375,0.17796,0.0789644,0.012686,-0.0122816
CBC,Cruickshank,CCK41,-0.0688432,0.0637782,-0.0343083,0.0614472,-0.00548778,-0.247293,-0.0885455,0.114894,-0.0655793,0.0549875,-0.00739502,0.00735921,0.0015484,-0.0994566,0.112061,-0.197312,-0.125688,-0.0513969,0.0100778,0.0130027
CBC,Cruickshank,CCK423,-0.0695412,0.0672843,-0.0602194,0.00737799,-0.0121426,0.109832,-0.0736784,-0.0803463,0.152785,0.0164356,0.0207448,-0.0111316,-0.00400776,-0.0708113,0.0578073,-0.0211339,-0.0108723,-0.00555112,-0.00433384,0.00433973
CBC,Cruickshank,CCK424,-0.075592,0.0764317,-0.0807746,-0.00301983,-0.0123001,0.178464,-0.0483086,0.157564,0.186806,0.0259262,-0.00153469,-0.00616596,-0.00784029,-0.0871927,0.0690439,-0.0115408,-0.0230384,-0.0114731,-0.0177467,0.00234981
CBC,Cruickshank,CCK426,-0.0700143,0.0644547,-0.0337204,0.0631014,-0.0067524,-0.252198,-0.0907037,0.116914,-0.0657764,0.0549527,-0.00708703,0.00724243,0.00168092,-0.10129,0.113347,-0.197761,-0.124957,-0.0518845,0.00924173,0.013055
CBC,Cruickshank,CCK427,-0.0683239,0.060691,-0.0271388,0.0594937,-0.00729237,-0.233018,-0.0787586,0.114673,-0.034028,0.0205514,-0.00612719,0.0085605,-0.00117662,-0.0966091,0.0829651,-0.135307,-0.0790159,-0.037411,-0.000670406,0.00799526
CBC,Cruickshank,CCK428,-0.0711096,0.0646542,-0.0464309,0.0523462,-0.0111801,-0.223702,-0.0747397,0.104025,-0.0109415,0.0325539,0.0131491,0.0107621,-0.00108386,-0.0209132,-0.0275246,0.181306,0.134468,0.0628008,0.00117344,-0.00988304
CBC,Cruickshank,CCK429,-0.0633371,0.0564725,-0.0411024,-0.0199185,-0.01328,-0.0434894,0.276648,0.00392121,-0.0474087,0.0388726,0.00410138,0.00489322,0.0117416,-0.0429836,0.0354805,-0.00936181,0.0134896,0.0042996,-0.0139499,-0.00165178
CBC,Cruickshank,CCK42,-0.0453517,0.0260924,-0.0221545,0.0249788,0.000383662,-0.00163124,-0.0512636,-0.0346971,-0.151598,-0.004353,-0.00932703,-0.0020528,-0.001657,0.0501948,-0.0345519,0.0212751,-0.016182,-0.00380085,0.00502079,-0.00118947
CBC,Cruickshank,CCK430,-0.0681552,0.0611014,-0.0472979,0.00108399,-0.0126999,-0.0151411,0.0564793,-0.0638949,-0.0245617,0.0123475,0.00335813,0.00526801,-0.00475662,-0.0252986,0.00952819,-0.016176,0.00809993,0.000547908,0.00170376,0.000754004
CBC,Cruickshank,CCK43,-0.04117,0.0188639,-0.0281606,0.0185562,0.000413475,0.00284406,-0.0410623,-0.0591745,-0.160369,-0.00202175,-0.0056844,-0.00523428,0.00254612,0.0487007,-0.0356282,0.0265044,0.00103866,-0.000496842,-0.0112531,0.00168098
CBC,Cruickshank,CCK44,-0.0763605,0.0756031,-0.0801247,0.0184974,-0.0201281,0.0656494,-0.0553742,-0.127867,-0.0820124,0.0433784,-0.00116578,0.0281785,-0.00638158,-0.0673257,0.045522,0.0329856,0.0563393,0.0246298,-0.0134452,0.000340143
CBC,Cruickshank,CCK45,-0.0730689,0.0746423,-0.0855874,0.0107023,-0.00848648,0.178319,-0.0729858,0.151242,0.156341,0.0306364,0.00219489,0.00334202,0.00495467,-0.0949437,0.0666421,0.0199542,0.0305672,0.0177406,-0.00262219,0.00414496
CBC,Cruickshank,CCK46,-0.0576007,0.0464636,-0.0250351,-0.028539,-0.0048169,-0.0359247,0.176597,-0.0171793,0.0286999,0.0294696,0.00943932,0.00169692,0.0155428,-9.37E-05,-0.0145752,0.089351,0.0577112,0.0330329,0.0179326,-0.00375432
CBC,Cruickshank,CCK47,-0.0498466,0.0303874,-0.0620741,-0.00951822,0.00212567,0.192241,-0.0413699,0.168887,-0.389797,0.025655,-0.0284468,0.00497999,0.0118902,0.109525,-0.0578921,-0.0273392,-0.0142218,-0.0241524,-0.0069162,-0.00889996
CBC,Cruickshank,CCK480,-0.0703251,0.0675513,-0.0444468,0.0661625,-0.0115207,-0.225764,-0.0893106,0.0975616,-0.0297575,0.0434956,0.00731642,0.0162083,0.000302612,-0.0427633,-0.00543689,0.163245,0.122166,0.0594409,0.0179016,-0.00428552
CBC,Cruickshank,CCK483,-0.0664487,0.0599579,-0.0535656,-0.0296749,-0.0107892,0.0716474,0.169719,-0.0109999,-0.181497,0.0413471,-0.00181193,0.0136759,0.00288883,-0.0160273,0.0269961,-0.00816986,0.0179839,0.000130481,-0.00391611,-0.00637292
CBC,Cruickshank,CCK486,-0.0662034,0.0576228,-0.0661805,0.00201031,-0.00803388,0.121163,-0.0391894,0.115058,0.15298,0.00330932,-0.0118141,0.00180242,-0.011217,-0.0442634,0.0249721,0.010809,-0.0262776,-0.0133425,-0.0198506,-0.00280009
CBC,Cruickshank,CCK489,-0.0482382,0.0287722,-0.0546907,-0.00524915,0.0108892,0.167809,-0.0345053,0.149775,-0.3429,0.020455,-0.0272935,0.0056409,0.0114529,0.10527,-0.058673,-0.0248762,-0.0191215,-0.018202,-0.00399609,-0.00302918
CBC,Cruickshank,CCK48,-0.0593836,0.0524839,-0.0394997,0.00486811,-0.00314228,0.00928506,-0.0324828,-0.0981488,0.0728015,-0.0115984,0.00544563,-0.0187757,-0.0111229,0.101033,-0.0708976,-0.0952814,-0.043177,-0.0322295,0.0102817,-0.00259631
CBC,Cruickshank,CCK490,-0.0645622,0.0601044,-0.0471992,0.0512379,-0.00679557,-0.147638,-0.0740133,0.0651047,-0.0384995,0.0435297,0.0137617,0.00554059,0.00452373,0.0178057,-0.0493651,0.217368,0.170962,0.081641,0.00973871,-0.00794078
CBC,Cruickshank,CCK49,-0.0662355,0.0604847,-0.0532718,0.0207143,-0.00536735,0.021716,-0.0792603,-0.281277,-0.0258518,0.0268787,0.0226483,0.0104375,-0.00777623,-0.0536474,0.040065,0.0156086,-0.00296568,0.00512763,-0.0161789,0.00239491
CBC,Cruickshank,CCK50,-0.0662015,0.0624841,-0.0476742,-0.00290947,-0.00201784,0.132927,-0.0383086,-0.0171811,-0.0401208,0.0288587,-0.00114454,0.00762772,-0.00673729,-0.0324231,0.042182,-0.0398825,-0.00544796,-0.000526393,0.0288644,0.00692342
CBC,Cruickshank,CCK51,-0.0168609,-0.00152341,0.0165064,-0.00769524,0.00473124,-0.000464359,-0.0013639,-0.00220761,-0.00477078,-0.0209716,-0.000702235,-0.0115662,0.000324024,0.0461171,-0.0222048,-0.00315713,-0.0051247,0.00478191,-0.0187483,0.00353604
CBC,Cruickshank,CCK52,-0.0730459,0.0731063,-0.067045,-0.0125924,-0.00156418,0.148876,-0.0408952,0.133684,0.177409,0.0176134,0.00134688,0.000289077,0.00551601,-0.0932812,0.0673591,-0.01097,-0.0202706,0.000370335,-0.00352329,0.0090664
CBC,Cruickshank,CCK54,-0.0708303,0.0723503,-0.0608643,-0.00736256,-0.00308593,0.149997,-0.0531912,0.155288,0.1599,0.0224927,0.000274905,0.00576033,0.00154807,-0.0859828,0.0540467,0.0159981,-0.00841275,0.00493492,-0.00530055,0.00315294
CBC,Cruickshank,CCK55,-0.0735891,0.0733518,-0.0622816,0.0186065,-0.019225,0.0154631,-0.102264,-0.379583,-0.0317933,0.0435521,0.0324801,0.0170625,-0.005065,-0.099372,0.0690739,0.0351104,0.0101353,0.00728371,-0.0219281,-0.00234134
Merritt Island,Canaveral National Seashore,CNS214,0.0106848,-0.0962836,-0.0396502,0.00285091,0.0350402,-0.00520084,0.0059156,-0.0111695,0.00719953,0.0299357,-0.193863,0.0463586,-0.00927886,-0.0243692,-0.016232,0.00219463,-0.00166188,7.75E-05,-0.0852602,0.05691
Merritt Island,Canaveral National Seashore,CNS215,0.0121366,-0.11406,-0.0527839,0.0053986,0.0486759,-0.0117191,0.00201979,-0.0345924,0.0368154,0.0556529,-0.384319,0.143774,-0.0300727,-0.0468451,-0.0528234,-0.023424,0.0272104,0.00767837,0.0240339,0.000854586
Merritt Island,Canaveral National Seashore,CNS216,0.010888,-0.109438,-0.0501263,0.0051452,0.0466734,-0.0124918,-7.98E-05,-0.0244535,0.0312426,0.0477657,-0.373644,0.143114,-0.0304243,-0.0483259,-0.0608793,-0.0211369,0.0273688,0.00644642,0.0267023,-0.00250028
Merritt Island,Canaveral National Seashore,CNS217,0.00994818,-0.0994803,-0.0443286,0.00447713,0.0401277,-0.00806254,0.00395003,-0.0232869,0.0232048,0.0372887,-0.263181,0.0816607,-0.021193,-0.0255353,-0.0301077,-0.00812237,0.00809794,0.00168592,-0.080686,0.0569998
Merritt Island,Canaveral National Seashore,CNS218,0.0111815,-0.107888,-0.04983,0.00296089,0.0399469,-0.0133328,-0.00314082,-0.0234788,0.0271097,0.0493814,-0.348951,0.15095,-0.0316717,-0.0493318,-0.0626406,-0.0290107,0.0371415,0.00635699,0.109651,-0.0560225
NBC,Dicerandra,DCE56,-0.0177725,0.000188742,0.0296985,-0.018109,-0.00690387,-0.00415883,0.00309386,-0.00793419,0.00144424,-0.0407126,-0.00157608,-0.0180036,0.00110107,0.0587244,-0.0244395,-0.026051,0.0152458,-0.00800454,-0.0499239,-0.00946591
NBC,Dicerandra,DCE57,-0.0195689,-0.00471271,0.0191191,-0.0136385,0.000707576,-0.0180576,0.0172142,-0.00158478,-0.00459428,-0.00697336,0.000899187,-0.0189614,0.00469183,0.0436044,-0.0282788,-0.00642238,0.00724579,-0.000803374,-0.0325984,-0.00419157
NBC,Dicerandra,DCE58,-0.0260771,0.00915273,0.00545848,-0.0176897,-0.0129205,0.00626164,-0.00573676,-0.00157665,0.0398614,-0.0281255,-0.00055529,-0.0140929,-0.00123779,0.0283156,-0.0186668,-0.0290137,0.0080323,-0.00737124,-0.0201624,-0.0181677
NBC,Dicerandra,DCE59,-0.0559807,0.0407865,-0.0351422,0.00309372,-0.00381207,-0.0267897,-0.00227691,-0.016199,0.0455899,0.00429448,0.00512261,-0.0238466,-0.00564948,0.143775,-0.107533,-0.0135592,-0.0610102,-0.0385158,0.0115281,-0.0134222
NBC,Dicerandra,DCE60,-0.05086,0.0401878,-0.0227514,-0.00751136,0.00519769,-0.010305,-0.00713581,0.0247556,0.0348238,-0.00925074,-0.00571541,-0.000570827,0.00165726,0.0296942,-0.0222501,-0.0101668,-0.016288,0.00295427,0.0344083,0.00522316
NBC,Dicerandra,DCE61,-0.0286934,0.0136352,0.00207353,-0.00339781,0.00199593,0.0179546,0.00163312,0.00107288,0.0279943,-0.0129305,0.000856331,-0.0193538,-0.00745863,0.0409961,-0.0214419,-0.0300521,-0.00375698,-0.00238427,-0.0208125,0.00139415
NBC,South Lake,EF244,-0.0424351,0.0180676,0.12162,-0.304215,0.0374457,-0.0143449,-0.0536255,0.00310802,-0.00554454,0.0302631,-0.00211513,0.0119105,-0.00107704,-0.0140487,0.00654449,0.00445178,0.000321877,0.00497989,0.0144559,0.00446824
NBC,South Lake,EF245,-0.0380838,0.0107551,0.128776,-0.303665,0.0398201,-0.027278,-0.0621568,0.0144392,-0.011033,0.0243045,-0.00862866,0.0108998,-0.00443289,-0.0239075,0.0103483,0.021701,-0.00206256,0.00435421,0.0249592,0.00270589
NBC,South Lake,EF246,-0.039211,0.0112347,0.11441,-0.280353,0.0359811,-0.0217414,-0.0499644,0.00303726,-7.91E-05,0.0173831,-0.00902276,0.00773291,0.000515039,-0.014387,0.00445207,0.0147419,-0.0179375,-0.00207617,0.0166786,0.00356748
NBC,South Lake,EF247,-0.0178943,-0.00881475,0.0622511,-0.0981079,0.00656088,-0.0218839,-0.0312673,-0.00289627,0.00265901,-0.000342112,-0.00976706,-0.0120949,-0.00787604,0.0419785,-0.00949755,-0.00717011,0.0352842,0.00158975,-0.0783855,-0.0116967
NBC,Fox Lake,FOX383,-0.049559,0.0391118,-0.0158504,-0.00889811,-0.0107063,-0.0204962,-0.0206393,-0.100906,0.0281621,-0.00902346,0.00610926,-0.0183682,-0.00971169,0.0512336,-0.0294293,-0.0360746,-0.0489523,-0.0258216,0.00179783,-0.00727047
NBC,South Lake,FOX62,-0.0399382,0.0119525,0.135106,-0.318449,0.0401294,-0.0347259,-0.063892,0.00342897,-0.00964116,0.0291439,0.00505732,0.014296,-0.00732176,-0.0206719,0.00458652,0.0080878,-0.0108286,-0.00152772,0.0253461,0.000526062
NBC,South Lake,FOX63,-0.0145532,-0.00931539,0.0455657,-0.0827666,-0.00338332,-0.0130418,-0.0267197,-0.0279835,0.00552973,0.005019,0.0142152,-0.0294401,-0.005262,0.0427245,-0.0161251,-0.0563898,0.0150066,-0.00648606,-0.0148566,-0.0115387
NBC,South Lake,FOX64,-0.0284813,0.000539582,0.0943459,-0.218886,0.0229528,-0.0333012,-0.0519957,-0.0163272,-0.0073422,0.0295806,0.0136467,-0.00701919,-0.0110816,0.00192768,0.00164614,-0.0238866,0.0119274,0.000899183,0.0062435,-0.00587259
Merritt Island,Happy Creek,HCK01,0.000721405,-0.0642698,-0.0280867,-0.000318945,0.0277614,0.00101328,0.00652556,0.0031509,0.00894388,-0.00342343,0.0111106,0.000222976,0.0352594,0.0256294,-0.00578781,-0.00649397,-0.00601231,0.00610432,-0.0100075,0.0113912
Merritt Island,Happy Creek,HCK02,0.00085108,-0.0610673,-0.0271973,-0.00382278,0.0268235,-0.000952503,0.00403655,0.00214799,0.00532622,-0.00359439,-0.00746003,-0.0116276,0.0215106,0.0299934,-0.00457366,-0.00121277,-0.00538427,0.00664118,-0.016953,0.0180496
Merritt Island,Happy Creek,HCK128,0.00897575,-0.0830033,-0.0299185,-0.000283914,0.0237154,-7.03E-05,-0.00035903,0.000677915,-0.0024227,-0.00214419,0.0100865,-0.00564209,-0.0156488,0.0317052,0.0242275,0.0113087,-0.0135796,-0.00238426,-0.0150163,0.00234511
Merritt Island,Happy Creek,HCK131,0.013205,-0.0914014,-0.0388466,-0.00114303,0.0197973,-0.00234817,0.00284181,0.000811131,0.0059703,0.00934216,-0.044419,-0.0285574,0.00294673,0.0117913,0.0320878,0.00923748,0.00204666,0.0055894,-0.0343728,0.0250823
Merritt Island,Happy Creek,HCK132,0.0125051,-0.0999677,-0.0351569,-0.00423454,0.0268327,-0.00193645,-0.00586063,-0.0143148,0.0116406,0.0183323,-0.0812521,-0.0391425,0.0193291,0.0254533,0.0561843,0.0356131,-0.0203729,-0.00836055,-0.252356,0.132
Merritt Island,Happy Creek,HCK133,0.0133136,-0.0884271,-0.032989,-0.00247323,0.0163716,0.00332193,0.00469968,0.000156927,0.00501917,-0.00801287,0.00885212,-0.0516067,0.00120802,0.0242191,0.0272196,0.00571527,-0.00202861,-0.00395512,-0.0217879,-0.00126309
Merritt Island,Happy Creek,HCK141,0.0135322,-0.0924393,-0.0326951,-0.00264029,0.0170256,0.00420952,-0.000580016,0.000355541,-0.00964107,0.00181167,0.00759456,-0.0521327,-0.00849325,0.0211451,0.0215503,0.0184263,-0.00185401,-0.00192383,-0.0285661,0.0110298
Merritt Island,Happy Creek,HCK142,0.0135137,-0.09234,-0.0305237,-0.00431847,0.0182192,-0.00136944,0.000480822,-0.00410003,0.00426529,0.00886145,0.0234425,-0.0444587,0.022042,0.0211162,0.0261106,-0.00245573,-0.00181788,-0.00252998,-0.0265233,0.00130346
Merritt Island,Happy Creek,HCK221,0.013246,-0.0907078,-0.0383681,-1.96E-05,0.0165974,-0.00136891,0.00169363,-0.0048536,0.00549031,0.00278363,-0.028251,-0.0468389,-0.00180067,0.00553412,0.028907,0.0125758,0.00755035,0.00105577,-0.0553066,0.0280566
Merritt Island,Happy Creek,HCK226,0.0115631,-0.101111,-0.0344621,0.00100836,0.0311708,-0.000908588,-0.00710252,-0.0156775,0.00453555,0.0214659,-0.0718089,-0.0458522,0.0150461,0.0315979,0.0583444,0.0327978,-0.014112,-0.00744715,-0.256529,0.135166
Merritt Island,Happy Creek,HCK438,0.0141344,-0.0941911,-0.0360943,0.000377823,0.0209883,0.00259698,0.00109234,-0.01193,0.00331679,0.0121875,0.00225247,-0.0200668,0.00661146,0.0154492,0.0243515,0.0140432,-0.00698342,-0.0114238,-0.0594015,0.0158279
Merritt Island,Happy Creek,HCK445,0.0141016,-0.0956263,-0.0340732,-0.00198954,0.0182815,-0.00582347,-0.00397087,-0.00384427,0.00149382,-8.14E-05,-0.000316404,-0.00993652,0.00706479,0.0116644,0.0210932,0.0144194,0.00668263,-0.0038522,-0.0638808,0.02932
Merritt Island,Happy Creek,HCK448,0.0149266,-0.0884421,-0.0328795,-0.00169478,0.014395,0.00195561,-0.00162855,0.00140927,-0.00120541,-0.00531206,0.01991,-0.0343162,0.00104396,0.0100294,0.0246021,0.0138644,0.00322367,-0.00767145,-0.0402422,0.00227461
Merritt Island,Happy Creek,HCK99,0.0115966,-0.0946533,-0.0347763,0.000447905,0.0268468,-0.00419538,-0.000907807,-0.0117353,0.00260114,0.013165,-0.057667,-0.033085,0.00408357,0.016885,0.0312307,0.0224318,-0.01842,-0.00453633,-0.19143,0.0974202
Merritt Island,Happy Creek,HCKW123,0.00976707,-0.0953778,-0.0397331,0.00155817,0.0327188,-0.00680305,-0.0019121,-0.0135765,0.0126521,0.0292762,-0.160798,0.0611039,-0.00794981,-0.0207244,-0.0252518,-0.00942821,0.00484999,0.000539688,0.0492657,-0.0238637
Merritt Island,Happy Creek,HCKW442,0.0134711,-0.113106,-0.0503261,0.00699864,0.0392741,-0.00726027,-0.000389232,-0.0157326,0.0188943,0.0449382,-0.263854,0.140893,-0.0291751,-0.0493382,-0.0579705,-0.0261033,0.0289094,0.00641435,0.121509,-0.0799447
Merritt Island,Happy Creek,HCKW98,0.013626,-0.106429,-0.0432276,0.0062969,0.0369311,-0.00486335,-0.00204224,-0.00681141,0.0102303,0.0371333,-0.143693,0.118663,-0.00556926,-0.0251028,-0.0414692,-0.0212406,0.0225096,0.0035918,0.107397,-0.0703954
SBC,Malabar,MALB143,-0.0283728,0.00626917,0.0927833,0.0658466,0.0151141,0.00769376,-0.0170232,0.00693139,0.000578804,-0.142624,-0.0124038,0.010667,0.00412463,-0.00948107,0.0134435,-0.0473438,0.0946754,0.0255221,-0.0358297,0.00257982
SBC,Malabar,MALB379,-0.0310728,0.00981029,0.0866387,0.0622157,0.0153545,0.0047949,-0.00650414,0.00757932,-0.00911202,-0.133826,-0.0146317,0.0169532,-0.00552796,-0.0146947,0.0161028,-0.0432928,0.0907544,0.0292111,-0.0068094,0.0081994
SBC,Malabar,MALB382,-0.0213276,-0.00321208,0.112378,0.0532233,0.0180639,0.00377599,0.0048103,-0.0134388,0.00804996,-0.00626895,0.0106009,-0.0154153,-0.00161954,0.0486423,-0.0107364,-0.0679222,0.0972419,0.00100659,-0.202972,-0.00988208
SBC,Malabar,MALB398,-0.0236104,-0.00197993,0.0969528,0.0470728,0.0138833,0.00264246,0.00823649,0.0216037,0.00940462,-0.126047,-0.000489604,-0.00740662,0.00678526,0.0163182,0.0256271,-0.113341,0.166228,0.0153691,-0.242435,-0.00600682
SBC,Malabar,MALB452,-0.0323128,0.0166634,0.0585118,0.03322,0.00640424,0.0324015,-0.0182714,-0.0289665,0.0175113,-0.130683,-0.0100935,0.00111101,0.000405714,0.0175937,-0.0140369,-0.0908741,0.111955,0.028636,0.0713018,0.00404826
SBC,Malabar,MALB455,-0.0217516,-0.00668315,0.0966804,0.0518807,0.0223345,0.00557248,0.00266204,-0.0087571,-0.00323187,-0.0405107,-0.000701328,-0.00647248,-0.000308724,0.0324719,-0.00109919,-0.0518052,0.0881765,0.00824157,-0.179204,-0.00183365
SBC,Malabar,MALB494,-0.0222994,-0.0101372,0.219376,0.128168,0.0568865,0.0395706,0.02373,-0.010825,0.00833076,0.203239,0.0125232,-0.00492128,-0.00443481,0.0124919,-0.015317,0.0340738,-0.0749159,-0.00584342,0.144425,0.014305
SBC,Malabar,MALB496,-0.0237,-0.00883607,0.216261,0.134249,0.0577913,0.0377493,0.00788575,-0.00649601,0.012394,0.197649,0.0211884,-0.00177818,-0.00842416,0.0102605,-0.0097682,0.022594,-0.0502791,-0.00564701,0.0892168,0.0129312
SBC,Malabar,MALB497,-0.019871,-0.00538858,0.148135,0.0907094,0.0229533,0.0257008,0.0134044,-0.00190852,-0.00830179,0.0360333,0.00510848,0.00626346,0.00295091,-0.0169407,0.0120604,0.0209626,-0.0267198,0.00185038,0.0786693,0.00381138
SBC,Malabar,MALB498,-0.0246638,-0.00357513,0.103326,0.0589326,0.0199794,0.00493415,0.0105011,0.0174888,0.00888206,-0.146653,-0.0026459,0.00995806,0.00395497,-0.0207444,0.0315716,-0.0794401,0.159825,0.0234957,-0.206076,0.00242266
SBC,Malabar,MALB499,-0.0255379,-0.0058171,0.215311,0.140432,0.0550437,0.0376508,0.00804629,-0.0101573,0.00635319,0.187028,0.0162284,0.00231539,-0.0071336,0.00268562,-0.00050183,0.0310332,-0.0684605,-0.00555631,0.120831,0.0163918
SBC,Malabar,MALB500,-0.0268563,0.00313485,0.0919165,0.0441864,0.0177771,0.00675344,0.0107648,0.0119874,0.00632467,-0.159988,-0.00377174,0.00512752,0.00732473,0.00205622,0.0264022,-0.0953995,0.178516,0.0261084,-0.234337,-0.00112495
SBC,Malabar,MALB82,-0.0258474,0.00624559,0.0770282,0.0496697,0.00793894,0.0136389,-0.0108559,0.00847899,0.0145438,-0.0990466,-0.0134761,0.00891311,-0.00692418,-0.00132977,-0.00190534,-0.0639573,0.079284,0.020395,0.00614108,0.0057187
SBC,Malabar,MALB83,-0.0226266,-0.00138887,0.0838106,0.0451336,0.0112086,0.00907128,0.00969761,0.0131415,0.00211743,-0.0754227,0.00106918,0.00286392,0.00480988,-0.0217508,0.0233553,0.00368208,0.0291221,0.00540102,-0.0839919,0.000252717
SBC,Micco,MICO227,-0.0247838,-0.00378525,0.0847001,0.0565188,0.0217776,0.00413951,0.00878044,0.00563298,-0.0293393,-0.203285,-0.0265703,0.0316199,-0.000617443,-0.0978669,-0.00198616,0.25138,-0.28066,-0.0601795,-0.0394193,-0.0180531
SBC,Micco,MICO236,-0.0183165,-0.0075216,0.0562762,0.0354976,0.0161235,0.0153269,-0.00178251,0.0111952,-0.0313787,-0.117895,-0.0135615,0.00801446,0.00732299,-0.00836485,-0.00386214,0.0331808,-0.0162571,0.00746854,-0.00766806,0.00299775
SBC,Micco,MICO237,-0.0142288,-0.00812885,0.065855,0.0429026,0.0110088,0.00948328,-0.00153956,0.0124709,-0.0122496,-0.0867065,-0.0109717,0.00507385,-0.00734103,-0.0222449,0.00772305,0.0339019,-0.0552448,-0.00741163,-0.0190124,-0.000968177
SBC,Micco,MICO239,-0.0183245,-0.00902084,0.0988452,0.0574191,0.0101379,0.0160781,0.0100377,0.00360194,-0.0288299,-0.22773,-0.0272459,0.0283053,0.00225737,-0.122347,0.0124723,0.25389,-0.256989,-0.0569336,-0.0379023,-0.0254866
SBC,Micco,MICO240,-0.0221482,-0.00612127,0.0910488,0.0435853,0.013075,0.013839,0.0128982,-0.0126062,-0.0376357,-0.227199,-0.0331515,0.0332604,-0.00315499,-0.117455,0.00113505,0.279246,-0.295475,-0.0678506,-0.0245744,-0.0261973
SBC,Micco,MICO241,-0.0245426,-0.00564729,0.0701066,0.0494542,0.0117718,0.0123371,0.0176967,0.00556585,-0.0353881,-0.165546,-0.0204784,0.021374,-0.00595127,-0.0548999,0.00689856,0.147717,-0.150334,-0.031144,0.0120024,-0.00993568
SBC,Micco,MICO242,-0.0162396,-0.00440552,0.0634106,0.0365639,0.00472822,0.00069624,-0.00235488,0.000520712,-0.0184964,-0.108133,-0.00977393,0.0183833,-0.0013937,-0.0398678,0.00500238,0.0776995,-0.0912882,-0.0136274,-0.0157649,-0.00760437
SBC,Micco,MICO243,-0.0188818,-0.00531343,0.070205,0.0413981,0.0108514,0.00362875,-0.00862052,0.00480045,-0.0178079,-0.0993261,-0.00886853,0.00326622,0.00935263,-0.0190247,0.0138313,0.0155811,-0.00679599,0.00348381,0.0113109,0.00675001
NBC,South Lake,NORT384,-0.030354,9.59E-05,0.11159,-0.236127,0.0294528,-0.0216901,-0.055596,0.00740913,-0.00809311,0.0172699,-0.0062295,0.00239399,-0.00799013,0.0248268,-0.00579306,-0.00396168,0.0330731,0.00106144,-0.0622469,-0.00675904
NBC,Fox Lake,NORT385,-0.0711878,0.0673657,-0.0586431,0.0146356,-0.0123288,0.0275266,-0.0850145,-0.315337,-0.0309545,0.0391088,0.0255477,0.0125021,-0.0104637,-0.0697279,0.0462631,0.0349048,0.0142633,0.0103128,-0.00979222,-0.00228553
Ocala,Ocala,OC07,0.0851896,-0.017981,0.0300057,-0.00933417,-0.243365,0.000687516,-0.00447791,0.00393831,0.00406524,0.0159209,0.000696376,0.015524,-0.00225483,-0.0178089,0.0135408,-0.000397806,0.00971336,-0.00819861,0.00141772,-0.00837672
Ocala,Ocala,OC11,0.0717552,-0.0157693,0.0237883,-0.0070791,-0.21432,0.00303055,-0.00544088,0.00319165,0.00135032,0.018757,0.00018229,0.0141886,9.33E-05,-0.0070767,-0.00378658,0.00164177,0.00264031,0.00112499,0.00722899,-0.0037085
Ocala,Ocala,OC14,0.0639976,-0.012114,0.0223941,-0.00422938,-0.184794,0.000620069,-0.00399846,0.0046254,0.000223731,0.0103518,-0.00280505,0.0127525,-0.00162407,0.000821727,-0.00355774,-0.00407595,-0.0080996,-0.00013298,0.00868973,0.00911184
Ocala,Ocala,OC20,0.0621423,-0.0119479,0.0218045,-0.00512008,-0.181859,0.00441413,-0.00320454,0.00548196,0.00424124,0.0135941,-0.00139569,0.0130726,0.00178515,0.000535873,-0.00453351,-0.00135335,-0.00571259,0.00233331,0.0105013,0.00195952
Ocala,Ocala,OC22,0.0630452,-0.0130604,0.0236683,-0.00661969,-0.199312,0.00442358,-0.00467116,0.00314833,0.000506791,0.0170242,-0.00332984,0.0118059,-0.0030494,-0.00256047,-0.00680632,0.000161496,-0.00502828,0.00362212,0.00995273,0.00775694
Ocala,Ocala,OC26,0.0664469,-0.0144729,0.021163,-0.00328029,-0.197312,0.00250913,-0.00624157,0.00285018,0.00113655,0.0147333,0.00557263,0.0113135,-0.00146397,-0.00163727,-0.00618556,-0.00138988,-0.000405241,0.00370964,0.00144546,0.00423941
Ocala,Ocala,OC28,0.0673512,-0.0144176,0.0253563,-0.00533084,-0.208218,0.00298873,-0.00351408,0.00752814,0.00105378,0.0174964,-0.000749445,0.0108783,-0.00200426,-0.00328009,-0.0100368,0.00299614,-0.00688523,0.00170522,0.0084403,-0.00461108
Ocala,Ocala,OC32,0.0689984,-0.0140532,0.0269501,-0.0053906,-0.237635,0.00367582,-0.00555815,0.00678503,-0.00148086,0.0194112,0.000752987,0.013202,-0.00728543,0.00123004,-0.0163011,1.00E-05,0.00265684,-0.00321803,0.00632368,0.0178753
Ocala,Ocala,OC33,0.0607588,-0.0131303,0.0248794,-0.00561854,-0.204183,0.0033004,-0.0020606,0.00505211,0.00258871,0.0145389,-0.0026162,0.0203387,-0.00237947,-0.0040673,-0.00437625,0.00063632,-0.00701179,0.00441671,0.00364615,0.000758563
Ocala,Ocala,OC34,0.059923,-0.0131918,0.0182716,-0.00519551,-0.174553,0.00361622,-0.00266724,0.00131161,-0.00223504,0.0109494,-0.00228615,0.00912105,-0.00261242,0.00504031,-0.00693047,-0.00644842,-0.00454476,0.00516419,0.000952732,0.00900608
Ocala,Ocala,OC35,0.0660495,-0.0129478,0.0255026,-0.00376255,-0.21923,0.00434052,-0.00491704,0.00641333,0.00211065,0.0196183,-0.00159525,0.0136715,-0.000765213,0.0017738,-0.0113974,-0.000785201,0.00331396,0.000965813,0.0080985,0.0136669
Ocala,Ocala,OC36,0.066152,-0.0134385,0.0270339,-0.00522996,-0.218023,0.00354962,-0.00874077,0.000671837,-3.15E-05,0.0167704,-0.00395155,0.0110473,-0.0031966,-0.00395373,-0.00888543,-0.00227698,-0.00346495,0.00120025,0.00392254,0.0174348
Ocala,Ocala,OC37,0.0630241,-0.013489,0.0246774,-0.00624655,-0.182009,0.00429328,-0.00429141,0.00159412,-0.000280762,0.0134437,-0.00210404,0.0146833,-0.000473457,-0.00145149,-0.00135699,-0.00267017,-0.00430858,0.00272308,0.00631817,0.00289115
Ocala,Ocala,OC38,0.0595951,-0.0126439,0.0209842,-0.00350522,-0.175126,0.00494196,-0.00108189,0.00604241,-0.000908945,0.0161699,0.0025525,0.0119061,0.00356224,-0.00163664,-0.00907565,-0.00581187,-0.00202604,0.00664468,0.00597582,0.00591725
Ocala,Ocala,OC39,0.0531921,-0.0106302,0.0171006,-0.00281548,-0.152398,0.0038,-0.00213608,0.00559073,0.00139064,0.0109173,-0.0021329,0.00921976,0.00239751,0.00633738,-0.0153254,-0.00112389,-0.00323516,0.00613438,0.00925615,0.0101152
Ocala,Ocala,OC40,0.0590725,-0.0115473,0.0232833,-0.00275491,-0.182517,0.00610248,-0.00460327,0.00498367,-0.00182027,0.0150946,0.00109359,0.0089301,-0.00188592,0.00321556,-0.0064321,0.00353625,-0.00543448,0.00589336,0.00595151,0.00324743
Ocala,Ocala,OC41,0.0635822,-0.0139062,0.0231875,-0.00645662,-0.196257,0.00537512,-0.00385857,0.00390792,6.04E-05,0.0108161,-0.00189078,0.0138534,-0.0042359,-0.004334,-0.00432848,0.000336341,0.000706083,-0.00791506,0.00490384,0.0104428
Ocala,Ocala,OC42,0.0669255,-0.0140399,0.0236745,-0.00758242,-0.209435,0.00390567,-0.003626,0.00636256,-0.000736811,0.0156961,-0.000489078,0.0104593,-0.00306494,-0.00263536,-0.00736482,-0.00718218,-0.00372026,0.0015705,0.00645921,0.0102126
Ocala,Ocala,OC43,0.0638554,-0.0126877,0.023386,-0.00382376,-0.184681,0.00228085,-0.00506209,0.00341075,0.00312064,0.0119676,-0.00425508,0.0115747,-0.00203935,-0.00285079,-0.00618802,-0.00452535,-0.00350244,0.00103591,-0.000662453,0.00430768
Ocala,Ocala,OC44,0.0667874,-0.0157281,0.0253352,-0.00737225,-0.199783,0.00170352,-0.00591,0.00328627,0.000801026,0.013539,0.00511064,0.012085,-0.00605636,-0.00715147,-0.00470937,0.00275823,-0.00486261,-0.00305783,0.000986584,0.00437098
Merritt Island,Ransom Road,RR110,0.01178,-0.0959397,-0.0389975,-0.00208859,0.0234517,-0.0040317,0.00165552,0.000486348,-0.0151216,0.000537631,0.0410446,-0.0956109,-0.0244462,-0.0842246,-0.0307139,0.0516173,-0.103592,-0.0653103,-0.111583,-0.0471771
Merritt Island,Ransom Road,RR111,0.0131817,-0.0989083,-0.0371779,-0.00111544,0.0203244,0.000817847,-0.00181273,0.00376328,-0.0167035,0.0047459,0.0400459,-0.109117,-0.0212835,-0.0844913,-0.0278229,0.0348072,-0.0937554,-0.0653233,-0.106073,-0.0458078
Merritt Island,Ransom Road,RR112,0.0135931,-0.0916792,-0.0335839,0.0019455,0.0210798,-0.00162817,-0.00263231,-0.00302722,0.00318935,-0.00112654,0.0282945,-0.0639323,0.0372234,-0.0428775,-0.0317936,0.00238551,0.00772585,-0.000469908,-0.0194659,-0.00274633
Merritt Island,Ransom Road,RR205,0.00807932,-0.0866374,-0.04162,-0.00139803,0.0214038,0.00183147,0.00142079,0.010876,-0.00434011,0.00155797,0.0391838,-0.0778403,-0.0171965,-0.0666552,-0.0198703,0.0410348,-0.0760849,-0.0469186,-0.083338,-0.0412003
Merritt Island,Ransom Road,RR206,0.0119943,-0.0983942,-0.0344709,-0.00178938,0.0311079,0.000999059,-0.00422222,0.0030653,-0.012645,0.00518453,0.0531359,-0.159876,0.10415,-0.155522,-0.152744,-0.00597316,0.0478103,0.0237067,0.0476595,0.0836749
Merritt Island,Ransom Road,RR207,0.0122441,-0.0956023,-0.0339893,-0.00338683,0.0261257,-0.00244439,0.00259614,0.00185313,-0.00713333,0.00826017,0.0161627,-0.067171,0.00812555,-0.0411125,-0.0282629,0.0162443,-0.0236237,-0.0177807,-0.0423837,-0.0111866
Merritt Island,Ransom Road,RR95,0.0109497,-0.0963608,-0.0388193,-0.00366834,0.0315143,-0.00165031,-0.00918653,0.00204895,-0.0144688,0.00248958,0.0612689,-0.159549,0.102329,-0.155574,-0.158115,-0.0104041,0.0490205,0.0221504,0.0545553,0.0746746
Merritt Island,Ransom Road,RR96,0.0136732,-0.101571,-0.0383675,0.00179927,0.0287778,-0.000510759,-0.00384589,0.00404293,-0.0193483,0.00361356,0.060911,-0.166542,0.10192,-0.159775,-0.167621,-0.00243252,0.0475745,0.0210057,0.0389972,0.0720977
Merritt Island,Shiloh,SHIL108,0.0114297,-0.0931531,-0.0387036,0.00293937,0.0220098,-0.00252838,-0.0044225,-0.00466583,0.00646202,-0.00328395,-0.0127811,-0.088952,0.0214654,0.10008,0.159862,0.0299195,0.0112741,0.0174406,0.0762516,-0.0079383
Merritt Island,Shiloh,SHIL147,0.0133478,-0.089041,-0.0310663,-0.000985955,0.0181565,0.00336323,-0.000873922,-0.00132268,0.0096402,0.00834313,0.00228268,-0.0575352,0.0175193,0.0243104,0.0524041,0.0144606,-0.00386378,0.00355242,-0.0136006,-0.00506698
Merritt Island,Shiloh,SHIL148,0.00783131,-0.0733464,-0.0201263,-0.00545081,0.0126714,-0.0164844,0.0071,-0.000546314,0.00718066,-0.00637124,-0.00354129,-0.0738339,0.0125066,0.0896162,0.130893,0.0160306,0.0208833,0.0178854,0.0277428,-0.00335189
Merritt Island,Shiloh,SHIL159,0.0113087,-0.0918715,-0.0354424,0.00425487,0.021475,-0.0120212,-0.0107324,0.000164448,-0.0024724,-0.00621209,0.00848058,-0.0638273,0.025929,0.107194,0.180678,0.025433,0.00550577,0.00617434,0.0632614,-0.0127776
Merritt Island,Shiloh,SHIL166,0.0164447,-0.080567,-0.0185233,0.00202255,-0.00112945,-0.00443252,0.0127613,0.00399342,0.0106817,-0.00363957,-0.010162,-0.0673076,0.0148246,0.0607689,0.112523,0.0321495,0.0327565,0.0112797,-0.0058557,-0.0259101
Merritt Island,Shiloh,SHIL168,0.012708,-0.0774432,-0.0207709,0.00541633,0.00231027,-0.00318565,0.0127959,0.00280589,0.0100796,-0.0020412,-0.00149607,-0.0625491,0.00516772,0.0539117,0.111897,0.0406193,0.0325024,0.0111714,-0.0060842,-0.0229337
Merritt Island,Shiloh,SHIL459,0.00315779,-0.0758627,-0.0285144,-0.00286037,0.0251206,-0.00597619,-0.000508596,-0.00238515,0.00827445,0.00137162,-0.00654421,-0.11081,0.026096,0.121999,0.17911,0.0298203,-0.0141511,0.0131491,0.107237,-0.0099106
Merritt Island,Shiloh,SHIL462,0.0102753,-0.086599,-0.0331146,-0.00259202,0.0217145,-0.00153692,-0.000971553,-0.00555938,0.0167698,-0.00386885,-0.000608977,-0.139948,0.0403221,0.162619,0.258905,0.0451006,0.0270435,0.0294916,0.144233,-0.0290064
Merritt Island,Shiloh,SHIL472,0.00614787,-0.0772267,-0.0302776,-0.0036211,0.0170999,0.00120017,-0.00518555,0.00171536,0.00390245,-0.0107908,0.00628421,-0.0564653,0.0168217,0.0733105,0.0913319,0.00455651,0.00368956,0.0022943,0.0291683,-0.0110278
Merritt Island,Shiloh,SHIL474,0.0114069,-0.0929929,-0.0371792,-0.000389537,0.0171785,-0.0054344,-0.00274956,-0.00315919,0.0223972,-0.00153608,-0.00969357,-0.153889,0.0364557,0.179619,0.281379,0.0492974,0.026128,0.0234368,0.15194,-0.0347044
Merritt Island,Shiloh,SHIL475,0.0144357,-0.0943174,-0.0295532,-0.00294926,0.0208785,-0.00331703,-0.00265034,-0.00174422,0.00673674,0.00394448,0.00291037,-0.0413197,0.0131143,0.0420651,0.0557523,0.0117825,-0.0179294,-0.00967598,-0.0201554,-0.00281167
Merritt Island,Shiloh,SHIL476,0.0126304,-0.0925797,-0.0363505,-0.00240049,0.0219867,0.00131728,-0.00555874,0.00106649,0.0107312,0.000541465,0.0028426,-0.0265743,0.00557926,0.0264299,0.0305129,0.0121849,-0.0251293,-0.0132428,-0.021219,-0.00706946
Merritt Island,Shiloh,SHIL477,0.00615314,-0.0820965,-0.0252931,-0.00192227,0.02165,-0.0172303,-0.000982052,-0.00249215,0.00727706,-0.00589451,-0.00271064,-0.117056,0.0338008,0.128353,0.231041,0.0332774,-0.0122325,0.0100253,0.115666,-0.0187141
Merritt Island,Shiloh,SHIL478,0.00860008,-0.0884401,-0.0360289,0.00150621,0.0216455,-0.0116474,-0.00617477,-0.00178451,-0.001812,-0.00381089,0.0164695,-0.0520585,0.0389813,0.115524,0.176624,0.0277734,-0.00997441,0.00111401,0.0655519,-0.0153997
NBC,South Lake,SLCA87,-0.0409272,0.0151543,0.133139,-0.305241,0.042487,-0.0296782,-0.0602593,0.0164747,-0.00987656,0.0335239,-0.000904427,0.0187393,-0.00361736,-0.0203064,0.0101434,0.0141533,0.000882691,0.00270093,-0.00275173,0.00115665
NBC,South Lake,SLCA88,-0.0384603,0.0109311,0.128728,-0.301702,0.0423451,-0.0210649,-0.0586695,0.000330705,0.00319967,0.0331193,-0.00210847,0.0112443,-0.00826206,-0.0214953,0.0029053,0.0336275,-0.0031015,0.00611596,0.0259697,0.00329631
NBC,South Lake,SLCA89,-0.0472132,0.0234797,0.109301,-0.261694,0.0361159,-0.0174538,-0.0255296,0.0188298,0.00407445,0.00719611,-0.00121411,0.0185822,-0.00155677,-0.0303173,0.00337726,0.0163749,-0.0279608,-0.00479754,0.039627,0.0036146
Merritt Island,Schwartz,SRTZ124,0.0126937,-0.115628,-0.0587769,0.00116855,0.0472123,-0.00210299,0.0114585,0.0223785,-0.000170474,0.00418746,0.19312,0.176566,-0.398354,-0.00219344,-0.0167069,-0.00603146,0.014421,0.000843488,0.0123457,0.00812313
Merritt Island,Schwartz,SRTZ125,0.0140344,-0.115917,-0.0549448,0.00167221,0.0450671,-0.0033132,0.0114007,0.0192319,-0.000289682,0.00244201,0.185535,0.162563,-0.353382,0.000938292,-0.00740858,-0.00528353,0.00517563,-0.00302812,0.0183915,0.00305834
Merritt Island,Schwartz,SRTZ126,0.0150606,-0.118017,-0.0599621,-0.000402661,0.0451983,-0.00530513,0.00760072,0.0210244,0.00488735,0.00499377,0.181552,0.174179,-0.375413,0.00829253,-0.013863,-0.00968445,0.0176488,0.000881548,0.0173182,0.00911114
Merritt Island,Schwartz,SRTZ127,0.0127486,-0.104861,-0.0486252,4.74E-05,0.0368481,-0.00229164,0.00759487,0.0145939,-0.00192687,0.0070811,0.135274,0.0958824,-0.262022,0.00611988,0.0064034,-0.00639637,0.00127344,0.00647201,0.0164834,0.0107196
Merritt Island,Schwartz,SRTZ199,0.00873806,-0.100471,-0.0487634,-0.00295664,0.0482845,-0.00122758,-0.00772129,-0.00109968,0.0257049,0.00641753,0.182041,0.328647,0.320942,0.031731,0.00284656,-0.0205767,-0.0207318,-0.0067326,0.00342374,-0.00171987
Merritt Island,Schwartz,SRTZ200,0.0130917,-0.0934458,-0.0351572,-0.00639945,0.0190487,-0.000447521,-0.000513609,-0.00271792,-0.00868557,-0.00126185,0.0435444,-0.0165882,-0.0681219,0.00535467,0.0117415,0.00540865,-0.00452439,-0.00544253,-0.0128375,-0.00281859
Merritt Island,Schwartz,SRTZ201,0.0127366,-0.106232,-0.046831,0.00037655,0.0428349,0.00151282,-0.00634714,-0.0006503,0.0200354,0.00720204,0.162254,0.283301,0.249306,0.0232581,0.00912705,-0.0220722,-0.0066059,-0.00434358,0.00364163,-0.00293422
Merritt Island,Schwartz,SRTZ202,0.013822,-0.115383,-0.0503274,-0.00155603,0.0464204,-7.43E-05,-0.00200355,0.000923937,0.0252451,0.00652881,0.207315,0.355809,0.329222,0.0283775,0.0025347,-0.0181435,-0.0130058,-0.00955445,-0.00478536,-6.23E-05
Merritt Island,Schwartz,SRTZ203,0.013608,-0.107754,-0.0477187,-0.00309904,0.0392799,-0.00562579,-0.00416854,0.00356404,0.0170416,0.0057074,0.17165,0.288802,0.277193,0.0294409,-0.000320261,-0.0106062,-0.0156312,-0.00971858,0.00361367,-0.00281194
Merritt Island,Schwartz,SRTZ204,0.0121541,-0.103586,-0.0465292,0.00236709,0.0375614,-0.00343997,0.0101507,0.0147226,-0.00627769,0.00324422,0.143512,0.0873951,-0.293016,0.000344638,0.0137029,-0.00705522,0.0123796,0.00968498,0.0143186,0.014015
Merritt Island,TEL4,TEL229,0.0136038,-0.0861892,-0.02745,-0.00116758,0.02015,-0.00075348,0.00369249,0.00556839,0.00192005,0.00485579,0.0279944,-0.0424311,0.0151371,-0.0301294,-0.0172154,0.00266044,-0.000156266,-0.00364885,-0.0131853,0.00145085
Merritt Island,TEL4,TEL230,0.00969708,-0.0928215,-0.0376291,7.13E-05,0.0267265,-0.00200393,0.0012547,0.00490968,-0.0068135,0.00819714,0.0182031,-0.0310952,0.00124407,-0.0257592,-0.03442,-0.00164994,-0.0185418,-0.0134786,-0.00954376,-0.0168396
Merritt Island,TEL4,TEL231,0.0101755,-0.0927275,-0.0331972,-0.00347933,0.0300377,0.000557817,-0.000168399,0.0029776,0.00311521,0.00878006,0.0585342,-0.115635,0.0301823,-0.104038,-0.114042,-0.0455187,0.0233389,0.023417,0.0566614,-0.0169381
Merritt Island,TEL4,TEL232,0.0126761,-0.100243,-0.0395339,-0.000812231,0.0330477,0.00331038,-0.00115897,0.00500514,0.00351511,0.0116014,0.0983608,-0.014884,-0.0195683,-0.0811798,-0.0943447,-0.0428496,0.0153648,0.0140251,0.0470701,-0.0210371
Merritt Island,TEL4,TEL233,0.0135972,-0.100304,-0.035077,-0.00409367,0.029938,0.00482183,-0.00636364,-0.00370831,-0.000570881,0.0128279,0.0762252,-0.173309,0.0418162,-0.157453,-0.168957,-0.0766056,0.0281659,0.0261269,0.094997,-0.0483513
Merritt Island,TEL4,TEL234,0.0147153,-0.106018,-0.0396759,-0.00563909,0.0291922,0.000997668,-0.00602489,0.00102638,-0.00179632,0.00927994,0.0800425,-0.178197,0.0473946,-0.161331,-0.170677,-0.0723301,0.0358661,0.0251699,0.0946001,-0.0344011
Merritt Island,TEL4,TEL449,0.0148817,-0.103393,-0.0361115,0.00120818,0.0272613,0.00476432,-0.000512314,-0.00180746,-0.0188218,0.00743785,0.0598363,-0.153792,0.0395438,-0.14293,-0.147161,-0.0624095,0.0184267,0.00548382,0.0567019,-0.0661184
Merritt Island,TEL4,TEL450,0.0116061,-0.0980956,-0.0340734,-0.000532928,0.0289035,0.00545093,0.00233444,-0.00213378,-0.0172077,0.00524846,0.0645498,-0.131167,0.0468982,-0.130363,-0.137084,-0.0494583,0.00837572,0.00168656,0.0474948,-0.0554894
SBC,Valkaria,VALK386,-0.0289104,0.0047832,0.0857184,0.029255,0.0137812,0.0021347,0.00610743,0.00650632,-0.0238475,-0.227346,-0.0188235,0.0315158,-0.0128493,-0.0301903,0.0185222,-0.0404487,0.0659505,0.0327886,0.196604,0.0231706
SBC,Valkaria,VALK387,-0.0296517,0.00794582,0.0798315,0.0513289,0.0123904,0.0350905,0.00142787,-0.0152872,-0.00821881,-0.20431,-0.0123873,0.0244283,-0.00441828,0.000290154,-0.00484391,-0.121259,0.138598,0.0392475,0.149935,0.0207781
SBC,Valkaria,VALK389,-0.0298577,0.00662432,0.0992767,0.0504105,0.0136008,0.0271645,0.00928571,-0.00722383,-0.0127159,-0.263784,-0.0141176,0.0308401,-0.011681,-0.0134886,0.0152214,-0.12099,0.153644,0.0529171,0.231435,0.0339717
SBC,Valkaria,VALK390,-0.0205882,-0.0123867,0.220736,0.130676,0.04906,0.032776,0.0115622,0.0104731,0.0140993,0.188383,0.0218507,-0.00216769,-0.00118896,0.0128704,-0.003952,0.00240556,0.0191055,-0.00314498,-0.0187989,-0.0128775
SBC,Valkaria,VALK391,-0.0207685,-0.0113267,0.202153,0.111917,0.0498822,0.0424465,0.0101948,0.00625883,0.0172014,0.18478,0.0185271,-0.0052801,0.000415054,0.0207018,-0.00390299,-0.0242485,0.052304,-0.00492653,-0.123851,-0.0222942
SBC,Valkaria,VALK392,-0.0183894,-0.0141228,0.206624,0.110066,0.043531,0.0485204,0.0107698,0.0190635,0.0266692,0.155742,0.0187679,-0.00321096,0.0074402,0.0102966,0.0031346,-0.0390112,0.0649722,-0.00516633,-0.147936,-0.0290852
SBC,Valkaria,VALK393,-0.0230416,-0.00814824,0.181272,0.100112,0.0471806,0.0424628,0.00194391,0.0073546,0.016541,0.15043,0.0161953,-0.00520114,0.000297623,0.0175893,-0.00509957,-0.0413147,0.0809036,0.00327755,-0.145687,-0.0201753
SBC,Valkaria,VALK394,-0.0463471,0.0316121,0.0186335,0.0154309,-0.00323298,0.0433957,-0.0308345,-0.0389458,0.0582954,-0.100304,-0.00708845,-0.00567332,-0.00592799,0.0153022,-0.0154031,-0.0850322,0.0651052,0.00906207,0.0710561,-0.00072812
SBC,Valkaria,VALK501,-0.0260238,-0.00116341,0.204222,0.13597,0.0553014,0.0361568,0.0118805,-0.00499933,0.00566574,0.18309,0.00841362,0.0041387,-0.0064508,0.00708345,-0.0123022,0.0334745,-0.0665737,-0.00270224,0.131314,0.0176535
SBC,Valkaria,VALK502,-0.014383,-0.00307636,0.0828299,0.0346389,0.000270533,0.0106026,-0.00733816,0.0157164,-0.0129713,-0.0778069,-0.00414715,0.00123597,-0.00699039,-0.0261724,0.0216345,0.010055,-0.000590753,-0.00113771,-0.00760358,-0.0103909
SBC,Valkaria,VALK503,-0.0234337,-0.0102164,0.213084,0.134913,0.0567867,0.0395302,0.0161854,-0.00469885,0.00604763,0.193334,0.0118561,-0.00420369,-0.00841328,0.0115022,-0.0166468,0.0450428,-0.072325,-0.00700157,0.123901,0.00896719
SBC,Valkaria,VALK504,-0.0261134,-0.000107358,0.0918291,0.0449976,0.0186959,0.0329954,0.00911259,0.00750107,-0.0207087,-0.237476,-0.0206655,0.030741,-0.00788104,-0.0189141,0.0087181,-0.0755695,0.119,0.0472765,0.206657,0.028437
CBC,Viera,VRA03,-0.0652957,0.0558736,-0.0474524,0.00222004,-0.000852941,0.0578949,-0.00193626,0.0123084,0.0846675,-0.0130799,-0.0133051,-0.00570024,-0.0113715,0.0607548,-0.0561606,-0.0288483,-0.0558497,-0.0258651,0.00145561,-0.00464807
CBC,Viera,VRA04,-0.0409805,0.0243459,0.00440363,-0.0150584,0.00457251,0.00320693,0.00211701,0.0204596,0.0553287,-0.0197777,-0.00161048,-0.00820734,0.000292009,0.0672588,-0.0451578,0.0251555,-0.0193984,-0.00526077,0.00248933,-0.00153048
CBC,Viera,VRA05,-0.0499175,0.0357436,-0.0271829,0.0045913,0.00242128,0.000875892,0.00521753,0.0206333,0.0797391,-0.0264447,-0.0140909,0.000750785,-0.00553977,0.054069,-0.0649957,0.0634167,-0.018379,0.00314699,0.00527226,-0.00475608
CBC,Viera,VRA06,-0.0519578,0.0356637,-0.0390436,0.0106785,0.00391874,0.0299064,0.00222419,0.0290109,0.0804589,-0.0148242,-0.0181006,-0.00117871,-0.00746438,0.0768792,-0.0832185,0.018611,-0.0280159,-0.00868042,0.00459798,-0.00169366
CBC,Viera,VRA07,-0.048033,0.0367716,-0.0173028,0.0182514,0.00249085,-0.0263326,-0.0395019,-0.0498333,-0.0722269,-0.00413307,-0.00691333,0.00281804,0.00480956,0.0260087,-0.0180107,-0.0149358,-0.0381138,-0.00990874,-0.0120923,-0.000322303
CBC,Viera,VRA08,-0.0498794,0.040066,-0.0200758,0.0339287,-0.00663053,-0.033835,-0.0365107,-0.0572595,-0.0636614,0.000478164,-0.0068162,0.0032854,0.00117875,0.0233145,-0.0110465,-0.02904,-0.0441478,-0.0173253,-0.00423694,-0.00531221
CBC,Viera,VRA09,-0.066952,0.0594427,-0.0276985,0.050849,-0.00916245,-0.206832,-0.0550818,0.0690033,-0.0399228,0.0353354,-0.00282416,0.00106867,0.00243465,-0.0681849,0.0912284,-0.18044,-0.116778,-0.053611,0.00366696,0.00797473
CBC,Viera,VRA10,-0.0577447,0.0470695,-0.0446058,0.0175574,-0.00436258,-0.0459552,-0.00501709,0.0200591,0.0664016,-0.00135569,0.0064717,-0.00684089,0.00167142,0.0748365,-0.0793157,0.120874,0.0836644,0.039287,0.0113198,-0.0068843
CBC,Viera,VRA11,-0.0661829,0.0627654,-0.0425585,0.00714574,-0.00676533,-0.0467439,-0.029157,0.000913641,0.0742001,0.0211387,0.0128499,-0.0088711,0.00405272,0.0488343,-0.0584384,0.169239,0.124236,0.058488,0.0107776,-0.0123774
CBC,Viera,VRA12,-0.0465425,0.0296451,-0.0318255,0.00921702,0.0109714,-0.0245559,0.00244083,-0.00145618,0.0629695,-0.0155528,-0.00400798,-0.0108373,0.00545479,0.176193,-0.142933,-0.0105768,-0.0924341,-0.0363671,0.00903599,0.00558611
CBC,Viera,VRA13,-0.0552197,0.0449282,-0.0369592,0.00823854,0.00301045,-0.0166531,0.00709526,0.0119275,0.0884288,-0.00882368,-0.00512555,-0.0203577,0.00344063,0.169724,-0.155806,0.0167292,-0.0645436,-0.0272171,0.0212127,-0.00428493
CBC,Viera,VRA15,-0.0462381,0.035775,-0.0205555,0.00543769,-0.000254046,-0.00619224,0.0142844,-0.0600743,0.0508482,-0.0291664,0.00483011,-0.0221566,-0.0064372,0.106696,-0.0787815,-0.0770821,-0.0379325,-0.0280957,-0.00490897,0.00179971
CBC,Viera,VRA16,-0.0502131,0.0390519,-0.0202814,0.0136033,-0.00462143,-0.0370445,-0.0134905,-0.0401823,0.0596755,-0.0358626,0.00956979,-0.0282982,-0.0106432,0.103924,-0.0520212,-0.125198,-0.0620851,-0.042693,-0.0332799,-0.00527399
CBC,Viera,VRA172,-0.0514794,0.0335613,-0.0379789,0.00848689,-0.000932433,-0.0223546,-0.00398514,-0.00134983,0.0892514,-0.0182223,-0.00267944,-0.0242605,0.000201127,0.209874,-0.164771,-0.0230695,-0.102859,-0.0541478,0.0119634,0.00254514
CBC,Viera,VRA174,-0.0569109,0.0419324,-0.0438664,0.000931411,-0.00186386,-0.018605,0.0210523,0.00722643,0.129193,-0.0207556,-0.0111223,-0.033043,0.00152293,0.251416,-0.212552,-0.0333702,-0.126349,-0.0643646,0.0297647,-0.00078569
CBC,Viera,VRA17,-0.06023,0.0548482,-0.0420516,-0.00423463,-0.00483894,0.0908382,-0.0125678,0.0942236,0.122334,0.00966195,-0.00302475,-0.00494883,-0.00502663,-0.0427197,0.0262675,-0.0077551,-0.0489405,-0.0166368,-0.00679623,0.0026995
CBC,Viera,VRA18,-0.0396684,0.0226032,-0.0195954,0.00408347,0.00358437,-0.00800404,-0.0258677,0.0281082,-0.0708608,-0.000896995,-0.00162433,-0.00302312,0.00440136,0.0535936,-0.0439471,0.0591867,0.0384273,0.0132213,-0.0131698,-0.000200515
CBC,Viera,VRA19,-0.0469668,0.0315188,-0.0285608,0.000971083,-0.000346293,-0.0274724,0.00301664,0.000207699,0.0527671,-0.0122983,0.00393186,-0.0262866,-0.00139794,0.154314,-0.127293,0.0357249,-0.0148334,-0.0166533,-0.0174007,-0.00304735
CBC,Viera,VRA20,-0.0554421,0.0459827,-0.0446692,0.0156076,-3.46E-05,-0.00994546,0.00586622,0.00756333,0.0882975,-0.0143438,-0.00314584,-0.0265916,-0.00131315,0.183748,-0.159275,-0.0073164,-0.0674624,-0.0344802,0.00388414,-0.000775222
CBC,Viera,VRA212,-0.0566042,0.04913,-0.0353043,0.0172597,-0.015164,-0.00763901,-0.0156424,-0.0898482,0.0942192,-0.0449936,0.00702762,-0.030593,-0.0186502,0.12167,-0.0831959,-0.127439,-0.0686811,-0.0493406,0.00282766,-0.00796651
CBC,Viera,VRA21,-0.0719656,0.0720411,-0.0592492,0.0440538,-0.0176788,-0.137811,-0.053699,0.047726,0.00312288,0.0434373,0.0223595,0.0148745,0.00429529,0.0327188,-0.0930506,0.327239,0.235942,0.106475,0.0128951,-0.0171159
CBC,Viera,VRA23,-0.0408328,0.02819,-0.00246993,-0.0131948,-0.00655407,-0.0277302,0.000980703,-0.0297031,0.00911338,-0.011197,0.00753882,-0.0166737,0.00270745,0.0575888,-0.0425162,-0.0364919,-0.02457,-0.0224428,0.0299583,-0.00779246
CBC,Viera,VRA24,-0.0489281,0.0320583,-0.00680936,0.0116433,-0.0034534,-0.0870483,0.0225555,0.0192199,0.0288388,-0.0329457,0.00644471,-0.0119767,-0.00342799,0.0232004,-0.00269804,-0.107935,-0.052833,-0.0359774,-0.0152326,-0.000188548
CBC,Viera,VRA25,-0.0467916,0.0314188,0.00543449,-0.00672561,-0.00134881,-0.0647015,-0.0234563,-0.00780708,0.0012397,-0.0318126,0.000101733,-0.00538097,-0.00292462,0.0367925,-0.0172457,-0.0296072,0.0168394,-0.00820926,-0.0452324,-0.0111048
CBC,Viera,VRA70,-0.0663103,0.0583935,-0.030979,0.0291939,-0.0040688,-0.137675,-0.0467759,0.0198117,-0.000933439,0.0246737,0.00396543,-0.00129215,0.00887916,-0.0262392,0.0349316,-0.0323672,-0.0234047,-0.00703887,0.00462579,-0.00111986